date,city,orders,aov,revenue,active_riders,avg_delivery_time_min,stockout_rate,customer_churn_rate,marketing_spend,competitor_launch_flag
2026-01-01,Bangalore,2460,338.12,831640.91,224,23.4,0.0369,0.0438,16699.75,0
2026-01-01,Mumbai,2700,353.24,953664.36,244,22.8,0.0279,0.0462,13615.89,0
2026-01-01,Delhi,2102,312.8,657396.97,204,21.7,0.0419,0.0379,14149.94,0
2026-01-01,Pune,1384,300.81,416380.36,124,24.3,0.0276,0.0392,8565.19,0
2026-01-01,Hyderabad,1552,306.38,475490.76,147,24.0,0.0383,0.0397,9949.97,0
2026-01-01,Bhopal,657,262.17,172318.03,66,24.5,0.024,0.0487,3999.94,0
2026-01-02,Bangalore,2386,335.9,801510.36,210,22.8,0.0268,0.0503,14726.69,0
2026-01-02,Mumbai,2371,364.67,864553.81,237,25.5,0.027,0.0502,15328.77,0
2026-01-02,Delhi,2203,316.04,696395.56,212,22.8,0.0459,0.0441,12002.04,0
2026-01-02,Pune,1316,309.75,407713.66,135,26.5,0.0297,0.0468,7473.02,0
2026-01-02,Hyderabad,1629,329.07,536028.65,150,17.5,0.037,0.0491,9844.37,0
2026-01-02,Bhopal,690,260.95,179937.06,66,24.9,0.029,0.0524,3958.53,0
2026-01-03,Bangalore,2648,333.18,882392.88,226,22.7,0.0315,0.0476,16019.12,0
2026-01-03,Mumbai,3135,349.89,1096840.88,238,20.3,0.0282,0.0465,19218.05,0
2026-01-03,Delhi,2646,317.0,838672.19,201,23.1,0.0375,0.041,15660.7,0
2026-01-03,Pune,1643,322.63,529935.14,131,23.8,0.0312,0.0354,9833.38,0
2026-01-03,Hyderabad,1846,340.54,628488.35,149,23.9,0.0314,0.0392,12127.81,0
2026-01-03,Bhopal,835,268.23,224040.48,68,20.5,0.0363,0.0479,5926.4,0
2026-01-04,Bangalore,2623,332.3,871720.25,221,20.1,0.0277,0.0453,14346.46,0
2026-01-04,Mumbai,3061,346.76,1061364.62,251,23.2,0.0265,0.0491,16481.1,0
2026-01-04,Delhi,2675,336.73,900784.04,200,24.6,0.0411,0.0489,14396.02,0
2026-01-04,Pune,1504,306.26,460529.12,131,24.9,0.0311,0.0416,9196.84,0
2026-01-04,Hyderabad,1867,301.14,562220.95,158,21.0,0.0321,0.0483,10291.93,0
2026-01-04,Bhopal,837,272.05,227618.33,68,25.0,0.0343,0.0491,5813.59,0
2026-01-05,Bangalore,2371,329.75,781688.07,214,23.8,0.0263,0.0467,14551.28,0
2026-01-05,Mumbai,2708,360.19,975219.1,250,30.8,0.0288,0.0481,15084.81,0
2026-01-05,Delhi,2177,326.18,710034.6,209,25.2,0.0443,0.0446,12139.41,0
2026-01-05,Pune,1294,294.64,381254.93,133,20.9,0.031,0.0459,8013.06,0
2026-01-05,Hyderabad,1529,311.91,476995.46,150,24.9,0.0249,0.0478,10003.9,0
2026-01-05,Bhopal,737,245.67,181031.71,68,25.3,0.0323,0.0476,5840.8,0
2026-01-06,Bangalore,2469,355.44,877415.19,226,23.2,0.0329,0.0488,13857.18,0
2026-01-06,Mumbai,2569,353.01,906960.05,241,19.3,0.0404,0.0484,13343.58,0
2026-01-06,Delhi,2246,333.94,749935.14,210,22.2,0.0335,0.0484,12654.26,0
2026-01-06,Pune,1415,300.55,425319.52,127,25.6,0.0396,0.0349,8622.84,0
2026-01-06,Hyderabad,1547,320.57,495940.36,146,25.3,0.0295,0.0493,8353.88,0
2026-01-06,Bhopal,688,255.06,175556.27,69,25.0,0.0379,0.0387,4445.63,0
2026-01-07,Bangalore,2655,354.04,939859.44,210,27.2,0.0278,0.0415,16517.05,0
2026-01-07,Mumbai,2701,346.65,936204.44,240,21.4,0.0154,0.0437,14519.27,0
2026-01-07,Delhi,2488,301.69,750532.87,207,27.6,0.0408,0.0378,16373.18,0
2026-01-07,Pune,1401,288.22,403717.11,132,22.5,0.0309,0.0453,8134.44,0
2026-01-07,Hyderabad,1609,318.21,512026.46,157,29.3,0.0244,0.0352,9532.37,0
2026-01-07,Bhopal,721,262.92,189459.48,69,22.8,0.0291,0.0421,4629.65,0
2026-01-08,Bangalore,2443,330.58,807545.94,226,26.0,0.0314,0.0481,13644.5,0
2026-01-08,Mumbai,2527,370.76,936978.54,244,24.3,0.0299,0.0514,14415.56,0
2026-01-08,Delhi,2363,317.41,750017.8,209,26.1,0.0466,0.0491,15719.87,0
2026-01-08,Pune,1401,308.18,431909.92,129,23.7,0.0315,0.0455,8825.87,0
2026-01-08,Hyderabad,1535,335.95,515522.75,145,26.9,0.0245,0.049,9686.12,0
2026-01-08,Bhopal,722,259.87,187625.99,68,22.3,0.0303,0.0499,4278.87,0
2026-01-09,Bangalore,2301,335.63,772262.66,223,21.9,0.0275,0.0462,14087.47,0
2026-01-09,Mumbai,2534,353.22,895086.4,242,20.5,0.0235,0.0414,14934.14,0
2026-01-09,Delhi,2336,338.88,791551.09,215,24.0,0.039,0.04,13992.91,0
2026-01-09,Pune,1380,303.87,419281.59,127,27.8,0.0323,0.0445,8555.9,0
2026-01-09,Hyderabad,1655,305.02,504880.67,151,24.2,0.0301,0.0411,9951.55,0
2026-01-09,Bhopal,717,275.09,197359.16,72,22.1,0.0397,0.0494,4370.35,0
2026-01-10,Bangalore,3062,329.01,1007483.31,214,18.7,0.0273,0.0424,17210.85,0
2026-01-10,Mumbai,3012,364.92,1099319.49,254,22.6,0.0343,0.0405,18815.85,0
2026-01-10,Delhi,2470,343.44,848440.49,217,19.7,0.0372,0.0518,14680.92,0
2026-01-10,Pune,1710,280.87,480182.42,128,24.1,0.03,0.0427,10790.29,0
2026-01-10,Hyderabad,1742,308.23,536876.34,151,25.8,0.0323,0.0394,9114.63,0
2026-01-10,Bhopal,856,263.46,225630.75,68,24.3,0.037,0.0509,5167.47,0
2026-01-11,Bangalore,3044,363.87,1107767.74,218,25.6,0.0344,0.0518,16797.5,0
2026-01-11,Mumbai,3093,375.24,1160458.03,227,18.9,0.0247,0.0437,19664.91,0
2026-01-11,Delhi,2844,320.95,912676.74,220,19.7,0.0317,0.0447,17608.2,0
2026-01-11,Pune,1607,275.19,442332.74,130,25.7,0.0241,0.0468,8888.84,0
2026-01-11,Hyderabad,1793,296.87,532198.43,150,21.5,0.0343,0.0475,10281.04,0
2026-01-11,Bhopal,773,258.89,200142.05,68,21.0,0.0275,0.0548,4652.15,0
2026-01-12,Bangalore,2316,342.91,794191.15,219,25.5,0.029,0.0488,13281.87,0
2026-01-12,Mumbai,2525,356.04,899050.26,223,27.4,0.0232,0.0532,14836.44,0
2026-01-12,Delhi,2366,323.98,766644.66,229,23.7,0.0467,0.0402,12297.15,0
2026-01-12,Pune,1414,290.92,411436.78,124,21.3,0.0271,0.0534,9108.88,0
2026-01-12,Hyderabad,1599,328.35,525152.67,150,27.8,0.0261,0.0477,8766.71,0
2026-01-12,Bhopal,693,250.89,173954.08,67,28.8,0.0342,0.038,4355.19,0
2026-01-13,Bangalore,2322,333.38,774071.26,216,24.1,0.0261,0.0408,14245.53,0
2026-01-13,Mumbai,2593,356.56,924725.11,233,25.9,0.0274,0.0475,14293.18,0
2026-01-13,Delhi,2311,329.62,761886.13,199,22.3,0.0433,0.0479,12986.43,0
2026-01-13,Pune,1274,280.47,357222.28,130,21.7,0.0312,0.0482,6583.85,0
2026-01-13,Hyderabad,1595,294.98,470414.04,147,21.8,0.0302,0.0431,10370.66,0
2026-01-13,Bhopal,680,268.69,182658.64,68,27.6,0.0324,0.0326,3807.98,0
2026-01-14,Bangalore,2469,337.24,832725.92,222,24.2,0.0273,0.0442,16257.26,0
2026-01-14,Mumbai,2633,364.86,960707.53,237,22.9,0.0278,0.047,15244.21,0
2026-01-14,Delhi,2333,346.57,808648.77,215,27.0,0.038,0.043,11622.14,0
2026-01-14,Pune,1329,277.55,368985.06,129,28.2,0.0301,0.0466,7830.96,0
2026-01-14,Hyderabad,1666,282.58,470881.08,151,20.3,0.0335,0.0507,10280.14,0
2026-01-14,Bhopal,685,266.58,182731.88,75,24.6,0.0308,0.0427,3821.52,0
2026-01-15,Bangalore,2500,328.36,820775.04,220,25.2,0.0279,0.0467,16294.58,0
2026-01-15,Mumbai,2534,356.11,902284.78,233,24.9,0.028,0.0488,14033.94,0
2026-01-15,Delhi,2400,337.35,809646.77,213,22.1,0.0513,0.0388,12265.56,0
2026-01-15,Pune,1505,307.85,463232.6,130,21.2,0.0313,0.0572,9125.56,0
2026-01-15,Hyderabad,1609,319.0,513190.96,152,22.0,0.031,0.0474,11166.36,0
2026-01-15,Bhopal,747,276.57,206621.96,69,23.7,0.0255,0.0453,4891.27,0
2026-01-16,Bangalore,2197,360.8,792647.19,219,21.5,0.0281,0.0367,14085.64,0
2026-01-16,Mumbai,2610,341.42,890958.1,231,28.2,0.0285,0.0437,13695.94,0
2026-01-16,Delhi,2272,316.51,719026.33,193,23.4,0.0397,0.0485,15730.61,0
2026-01-16,Pune,1479,296.77,438886.08,126,24.1,0.0416,0.0451,8855.32,0
2026-01-16,Hyderabad,1616,308.21,498020.02,147,23.9,0.0275,0.0423,9119.16,0
2026-01-16,Bhopal,704,257.35,181102.4,73,26.7,0.0181,0.0512,3492.8,0
2026-01-17,Bangalore,2713,334.95,908617.59,211,21.2,0.0265,0.0538,17545.37,0
2026-01-17,Mumbai,3180,370.39,1177882.92,232,25.2,0.0276,0.0389,20214.29,0
2026-01-17,Delhi,2613,315.2,823691.98,214,23.1,0.0427,0.0508,14266.78,0
2026-01-17,Pune,1660,307.12,509686.45,129,20.9,0.0315,0.0496,9804.07,0
2026-01-17,Hyderabad,1792,323.01,578800.59,147,20.1,0.0237,0.048,9604.25,0
2026-01-17,Bhopal,876,238.35,208704.71,74,23.8,0.0309,0.0423,5428.53,0
2026-01-18,Bangalore,2755,355.0,977969.79,221,23.1,0.0307,0.0447,16952.81,0
2026-01-18,Mumbai,2734,340.59,931274.81,245,23.5,0.0308,0.0451,16881.18,0
2026-01-18,Delhi,2574,310.04,797918.23,211,25.0,0.0341,0.0365,16766.03,0
2026-01-18,Pune,1648,303.07,499476.61,134,26.5,0.0375,0.0358,8833.86,0
2026-01-18,Hyderabad,1783,310.32,553156.87,152,24.5,0.0267,0.0412,10150.08,0
2026-01-18,Bhopal,748,250.4,187393.61,67,26.6,0.0256,0.0403,5475.3,0
2026-01-19,Bangalore,2459,342.51,842309.23,214,22.6,0.0332,0.0456,17903.07,0
2026-01-19,Mumbai,2588,376.55,974326.52,235,28.4,0.0298,0.0419,17869.94,0
2026-01-19,Delhi,2381,312.8,744900.27,214,25.6,0.0458,0.0371,13422.55,0
2026-01-19,Pune,1383,299.11,413567.1,132,20.7,0.0308,0.0469,8718.16,0
2026-01-19,Hyderabad,1645,323.4,531925.66,154,23.8,0.0321,0.0367,10222.01,0
2026-01-19,Bhopal,707,262.82,185887.58,67,26.6,0.0251,0.0448,4484.62,0
2026-01-20,Bangalore,2403,340.4,818128.01,226,24.2,0.0277,0.0427,13898.26,0
2026-01-20,Mumbai,2560,363.2,929718.87,237,21.8,0.0357,0.0441,14796.03,0
2026-01-20,Delhi,2466,322.52,795454.01,217,24.7,0.0311,0.0494,14899.89,0
2026-01-20,Pune,1475,293.79,433221.67,135,23.1,0.0403,0.0428,9919.07,0
2026-01-20,Hyderabad,1726,303.52,523980.56,148,20.6,0.0287,0.0404,9491.44,0
2026-01-20,Bhopal,673,259.64,174770.23,70,21.5,0.037,0.0499,3966.74,0
2026-01-21,Bangalore,2394,349.18,835953.51,213,24.4,0.0317,0.0475,14710.53,0
2026-01-21,Mumbai,2919,350.82,1024099.8,236,22.6,0.0272,0.0418,19250.62,0
2026-01-21,Delhi,2463,312.69,770278.37,205,22.6,0.0428,0.0482,15030.08,0
2026-01-21,Pune,1294,318.57,412197.14,137,23.0,0.0272,0.0464,7979.76,0
2026-01-21,Hyderabad,1653,334.93,553527.57,149,20.6,0.0264,0.0413,9888.73,0
2026-01-21,Bhopal,763,254.62,194224.15,70,27.0,0.0299,0.0576,4374.38,0
2026-01-22,Bangalore,2341,354.2,829278.24,225,25.5,0.0383,0.0432,14739.04,0
2026-01-22,Mumbai,2744,371.81,1020309.09,244,26.9,0.0348,0.0519,17354.86,0
2026-01-22,Delhi,2281,321.88,734133.21,218,24.9,0.0351,0.043,13717.47,0
2026-01-22,Pune,1489,302.29,450263.17,130,25.9,0.0239,0.0482,10548.02,0
2026-01-22,Hyderabad,1575,312.72,492648.13,151,23.8,0.0371,0.0464,9931.1,0
2026-01-22,Bhopal,707,255.36,180417.78,70,21.4,0.0348,0.0457,3991.86,0
2026-01-23,Bangalore,2543,319.28,812070.39,216,27.9,0.0317,0.0447,14554.38,0
2026-01-23,Mumbai,2845,339.15,964725.29,224,22.7,0.032,0.0399,18074.78,0
2026-01-23,Delhi,2328,312.78,728162.96,202,25.6,0.0452,0.0445,16117.74,0
2026-01-23,Pune,1325,281.69,373270.65,127,24.6,0.0298,0.0438,8183.82,0
2026-01-23,Hyderabad,1500,327.9,491813.64,150,24.9,0.035,0.0473,9426.55,0
2026-01-23,Bhopal,716,266.68,190857.91,73,25.8,0.0309,0.0446,4809.34,0
2026-01-24,Bangalore,2667,364.49,971977.56,220,24.3,0.0236,0.0416,17120.8,0
2026-01-24,Mumbai,2892,353.57,1022691.78,226,17.9,0.028,0.0371,18454.32,0
2026-01-24,Delhi,2749,325.45,894625.3,204,24.0,0.0397,0.0392,18559.89,0
2026-01-24,Pune,1681,297.35,499732.0,130,18.9,0.0309,0.0438,9510.69,0
2026-01-24,Hyderabad,1748,306.51,535741.41,158,22.6,0.0329,0.0479,11710.04,0
2026-01-24,Bhopal,842,260.62,219498.6,69,25.0,0.0331,0.0495,5320.78,0
2026-01-25,Bangalore,2905,332.72,966500.12,229,29.2,0.0309,0.0416,19950.38,0
2026-01-25,Mumbai,3020,350.62,1058726.56,237,25.1,0.0286,0.0476,17251.36,0
2026-01-25,Delhi,2642,347.42,917809.7,221,24.1,0.0426,0.0456,16661.06,0
2026-01-25,Pune,1528,296.91,453581.34,123,25.6,0.0318,0.0426,10368.25,0
2026-01-25,Hyderabad,1727,291.84,504077.7,151,28.2,0.0347,0.0427,11294.94,0
2026-01-25,Bhopal,803,258.2,207454.56,72,20.1,0.0329,0.0524,5375.12,0
2026-01-26,Bangalore,2325,345.38,802991.99,223,22.6,0.0312,0.0416,13919.89,0
2026-01-26,Mumbai,2752,367.83,1012429.5,237,16.9,0.0335,0.0507,14120.49,0
2026-01-26,Delhi,2258,305.67,690296.45,202,22.8,0.047,0.0467,13496.93,0
2026-01-26,Pune,1433,300.92,431339.25,125,22.8,0.0345,0.0372,8293.53,0
2026-01-26,Hyderabad,1720,320.54,551353.01,148,23.2,0.0284,0.0554,10648.84,0
2026-01-26,Bhopal,715,270.71,193575.12,71,23.5,0.0288,0.0446,4277.0,0
2026-01-27,Bangalore,2487,340.71,847444.48,225,24.2,0.0296,0.035,16063.49,0
2026-01-27,Mumbai,2645,374.37,990228.49,219,23.7,0.0394,0.0505,14494.96,0
2026-01-27,Delhi,2370,306.52,726587.34,206,23.5,0.0515,0.0461,15254.05,0
2026-01-27,Pune,1435,301.81,432998.99,131,23.9,0.0408,0.046,9361.87,0
2026-01-27,Hyderabad,1688,324.72,548269.52,153,28.1,0.0249,0.0393,10386.14,0
2026-01-27,Bhopal,674,259.33,174686.77,71,25.1,0.0314,0.0531,4194.35,0
2026-01-28,Bangalore,2371,353.11,837122.06,228,25.5,0.0245,0.0485,13871.49,0
2026-01-28,Mumbai,2779,357.84,994378.56,241,24.0,0.0292,0.0395,14672.21,0
2026-01-28,Delhi,2483,309.16,767755.33,204,22.4,0.0271,0.0384,16939.07,0
2026-01-28,Pune,1471,291.74,429061.51,139,23.2,0.0344,0.0325,10508.75,0
2026-01-28,Hyderabad,1489,289.6,431162.0,155,27.5,0.041,0.0478,9375.75,0
2026-01-28,Bhopal,730,267.89,195526.84,71,23.8,0.0305,0.0412,4276.79,0
2026-01-29,Bangalore,2197,338.66,743989.26,213,24.4,0.025,0.052,14189.77,0
2026-01-29,Mumbai,2396,345.75,828358.38,247,23.4,0.0256,0.0478,13215.01,0
2026-01-29,Delhi,2312,302.92,700397.18,206,20.0,0.0419,0.0472,13850.01,0
2026-01-29,Pune,1439,302.69,435467.96,135,22.9,0.0306,0.0456,9022.86,0
2026-01-29,Hyderabad,1604,310.5,498019.04,147,20.5,0.027,0.0537,8625.93,0
2026-01-29,Bhopal,676,252.53,170645.75,72,27.1,0.0287,0.0416,4148.75,0
2026-01-30,Bangalore,2300,369.17,849011.06,212,25.6,0.0314,0.0471,13585.49,0
2026-01-30,Mumbai,2583,360.63,931554.05,239,29.5,0.0343,0.0422,13729.55,0
2026-01-30,Delhi,2290,353.02,808362.63,205,28.2,0.0498,0.0422,14390.53,0
2026-01-30,Pune,1514,295.45,447308.39,129,21.5,0.0274,0.0418,8157.41,0
2026-01-30,Hyderabad,1603,300.45,481542.97,151,24.8,0.023,0.0492,8018.65,0
2026-01-30,Bhopal,713,272.77,194508.5,67,25.0,0.0375,0.0415,4258.67,0
2026-01-31,Bangalore,2837,341.03,967529.28,224,24.4,0.0259,0.0379,16864.52,0
2026-01-31,Mumbai,2855,349.41,997514.01,249,25.5,0.0349,0.0395,16677.54,0
2026-01-31,Delhi,2805,321.81,902827.28,225,24.5,0.0424,0.0435,17019.91,0
2026-01-31,Pune,1598,308.5,492894.22,134,20.7,0.0265,0.0358,9992.17,0
2026-01-31,Hyderabad,1738,283.3,492521.52,152,24.0,0.0412,0.0492,10502.07,0
2026-01-31,Bhopal,801,269.56,215921.58,69,24.8,0.0312,0.0417,5203.44,0
2026-02-01,Bangalore,2736,329.72,902071.4,224,24.1,0.026,0.045,17900.56,0
2026-02-01,Mumbai,3061,359.64,1100845.12,246,25.4,0.0363,0.0451,16358.06,0
2026-02-01,Delhi,2504,316.09,791541.03,206,24.1,0.0389,0.0476,14936.56,0
2026-02-01,Pune,1649,300.77,496024.96,122,23.6,0.0258,0.039,10389.67,0
2026-02-01,Hyderabad,1981,325.11,643992.58,149,24.4,0.0367,0.0433,11277.45,0
2026-02-01,Bhopal,793,255.96,202933.99,70,24.0,0.0307,0.0472,5228.94,0
2026-02-02,Bangalore,2514,319.81,803973.63,203,20.6,0.0342,0.0439,13612.88,0
2026-02-02,Mumbai,2366,367.8,870113.16,245,17.5,0.0274,0.0423,14657.91,0
2026-02-02,Delhi,2130,322.35,686575.0,210,24.3,0.0435,0.0401,14053.85,0
2026-02-02,Pune,1389,299.67,416215.8,126,21.8,0.028,0.0441,9522.12,0
2026-02-02,Hyderabad,1490,289.99,432159.73,157,22.3,0.0291,0.0502,8490.23,0
2026-02-02,Bhopal,764,267.05,204002.58,69,22.5,0.0397,0.0487,4697.78,0
2026-02-03,Bangalore,2556,361.24,923396.11,220,25.1,0.0266,0.0416,17910.57,0
2026-02-03,Mumbai,2618,354.74,928618.84,241,21.6,0.0239,0.051,14846.71,0
2026-02-03,Delhi,2180,326.87,712445.72,217,26.5,0.0443,0.0412,11528.14,0
2026-02-03,Pune,1505,296.13,445700.05,129,25.4,0.036,0.0473,10659.83,0
2026-02-03,Hyderabad,1549,321.51,497856.79,150,27.8,0.0312,0.0475,9707.89,0
2026-02-03,Bhopal,738,256.2,188960.49,68,19.1,0.0253,0.0553,4018.4,0
2026-02-04,Bangalore,2373,336.24,798037.62,222,26.2,0.0337,0.0421,14042.37,0
2026-02-04,Mumbai,2637,356.42,939782.19,252,25.8,0.0322,0.0483,17367.48,0
2026-02-04,Delhi,2321,303.4,704137.3,213,22.7,0.0361,0.0479,15361.82,0
2026-02-04,Pune,1401,303.71,425640.62,137,30.5,0.0311,0.0478,7175.09,0
2026-02-04,Hyderabad,1660,314.73,522529.9,156,23.7,0.033,0.0389,9788.09,0
2026-02-04,Bhopal,670,253.96,170213.78,71,25.0,0.0375,0.039,4170.38,0
2026-02-05,Bangalore,2544,331.71,843728.4,219,22.0,0.0301,0.0482,15107.75,0
2026-02-05,Mumbai,2655,347.22,921709.41,237,23.1,0.0333,0.0536,15396.81,0
2026-02-05,Delhi,2326,331.94,772032.31,201,20.2,0.0294,0.0513,13313.27,0
2026-02-05,Pune,1579,293.23,463030.32,131,29.0,0.0369,0.0553,10428.49,0
2026-02-05,Hyderabad,1682,317.35,533754.42,154,22.0,0.0275,0.045,9948.43,0
2026-02-05,Bhopal,684,267.24,182830.44,72,27.7,0.0304,0.0393,4038.58,0
2026-02-06,Bangalore,2314,314.62,728013.47,219,27.8,0.0295,0.0482,12698.91,0
2026-02-06,Mumbai,2841,377.58,1072725.07,244,21.6,0.029,0.0431,18592.78,0
2026-02-06,Delhi,2517,339.75,855066.99,207,24.4,0.0333,0.0362,15507.03,0
2026-02-06,Pune,1390,294.41,409128.71,124,22.7,0.0323,0.0392,6342.26,0
2026-02-06,Hyderabad,1598,331.98,530430.73,157,22.5,0.0279,0.0473,8789.18,0
2026-02-06,Bhopal,711,267.97,190407.53,73,23.5,0.0295,0.0406,3969.6,0
2026-02-07,Bangalore,2729,345.0,941406.89,226,27.7,0.0264,0.0436,16343.32,0
2026-02-07,Mumbai,2878,325.09,935706.61,246,23.3,0.0333,0.0453,18012.26,0
2026-02-07,Delhi,2438,313.23,763760.84,215,24.7,0.0325,0.0382,15198.78,0
2026-02-07,Pune,1607,280.62,450990.52,135,22.0,0.0267,0.046,10565.79,0
2026-02-07,Hyderabad,1747,310.76,542764.57,152,24.4,0.0331,0.0432,9756.55,0
2026-02-07,Bhopal,808,248.85,201186.89,64,26.3,0.032,0.0332,4442.64,0
2026-02-08,Bangalore,2845,367.98,1047071.74,220,23.5,0.0267,0.0519,16153.63,0
2026-02-08,Mumbai,2871,353.05,1013433.04,233,28.1,0.0306,0.0466,16860.93,0
2026-02-08,Delhi,2606,299.99,781899.34,216,23.5,0.0395,0.061,16027.78,0
2026-02-08,Pune,1549,294.88,456916.65,134,20.4,0.0305,0.0496,8779.25,0
2026-02-08,Hyderabad,2012,323.39,650776.95,148,24.2,0.0358,0.0493,12561.78,0
2026-02-08,Bhopal,771,253.31,195283.08,72,23.0,0.0285,0.0402,4788.89,0
2026-02-09,Bangalore,2648,325.48,861713.38,220,23.8,0.0364,0.0473,14478.67,0
2026-02-09,Mumbai,2656,357.31,948888.04,247,30.5,0.0353,0.0479,16366.68,0
2026-02-09,Delhi,2322,315.48,732655.07,212,24.4,0.0382,0.0516,12765.35,0
2026-02-09,Pune,1480,315.81,467326.12,130,22.5,0.0205,0.0515,8861.83,0
2026-02-09,Hyderabad,1520,303.74,461702.96,154,23.4,0.0325,0.0432,8822.59,0
2026-02-09,Bhopal,668,276.8,184823.63,69,27.8,0.0355,0.05,3862.19,0
2026-02-10,Bangalore,2448,339.67,831666.5,214,21.1,0.0315,0.0509,14121.89,0
2026-02-10,Mumbai,2626,364.08,956127.25,238,22.8,0.0326,0.0494,13989.53,0
2026-02-10,Delhi,2315,344.82,798093.54,204,25.3,0.0359,0.0459,14292.97,0
2026-02-10,Pune,1434,307.62,441197.07,134,23.4,0.0318,0.0484,9967.9,0
2026-02-10,Hyderabad,1589,297.92,473504.24,155,18.6,0.0295,0.0492,9110.91,0
2026-02-10,Bhopal,697,263.45,183582.02,70,22.9,0.0332,0.0476,4090.56,0
2026-02-11,Bangalore,2489,348.37,866971.03,214,22.7,0.0349,0.049,15388.97,0
2026-02-11,Mumbai,2839,356.78,1012891.47,237,23.2,0.0299,0.049,14739.46,0
2026-02-11,Delhi,2179,306.33,667444.55,216,23.7,0.0503,0.0442,13149.27,0
2026-02-11,Pune,1481,288.87,427914.84,131,25.3,0.0344,0.0459,9629.43,0
2026-02-11,Hyderabad,1384,318.41,440591.09,147,25.3,0.0218,0.0519,8207.35,0
2026-02-11,Bhopal,733,276.77,202967.76,73,25.9,0.0374,0.0454,3812.7,0
2026-02-12,Bangalore,2370,328.53,778775.71,234,24.3,0.0292,0.0478,14274.51,0
2026-02-12,Mumbai,2820,351.03,990040.65,241,20.7,0.0267,0.0419,16869.91,0
2026-02-12,Delhi,2251,311.14,700254.37,201,20.2,0.0395,0.0488,13596.55,0
2026-02-12,Pune,1298,296.29,384575.28,127,27.4,0.0314,0.0356,7862.48,0
2026-02-12,Hyderabad,1587,318.32,505241.45,151,23.2,0.0266,0.041,10377.05,0
2026-02-12,Bhopal,701,279.77,196049.35,70,20.2,0.0268,0.036,3649.44,0
2026-02-13,Bangalore,2432,346.92,843725.33,210,22.8,0.034,0.0457,16552.84,0
2026-02-13,Mumbai,2717,356.13,967467.46,234,22.2,0.0203,0.0439,14958.65,0
2026-02-13,Delhi,2285,320.98,733417.41,209,24.4,0.0361,0.0472,12463.7,0
2026-02-13,Pune,1499,298.82,447856.45,130,24.6,0.0332,0.0498,9207.76,0
2026-02-13,Hyderabad,1551,314.48,487764.16,145,23.9,0.0305,0.044,9206.35,0
2026-02-13,Bhopal,634,254.29,161256.33,70,21.4,0.0307,0.0513,3530.18,0
2026-02-14,Bangalore,2894,345.81,1000699.37,216,21.0,0.038,0.0496,18810.45,0
2026-02-14,Mumbai,2890,380.05,1098250.89,238,24.7,0.0313,0.0443,18509.97,0
2026-02-14,Delhi,2750,297.62,818433.49,218,26.6,0.03,0.0506,14999.59,0
2026-02-14,Pune,1577,286.73,452155.42,129,25.9,0.0286,0.0516,10562.02,0
2026-02-14,Hyderabad,1788,307.41,549727.54,142,26.4,0.0264,0.0531,9626.0,0
2026-02-14,Bhopal,781,259.73,202885.34,71,25.1,0.0264,0.0426,4681.28,0
2026-02-15,Bangalore,2835,340.09,964279.31,217,23.8,0.0295,0.0431,16645.43,0
2026-02-15,Mumbai,3229,368.08,1188520.58,238,23.2,0.0331,0.0509,19970.77,0
2026-02-15,Delhi,2631,325.73,856935.55,200,21.0,0.0332,0.0457,18063.81,0
2026-02-15,Pune,1790,307.66,550588.32,132,22.6,0.0219,0.0411,10182.18,0
2026-02-15,Hyderabad,1825,304.15,554923.88,141,21.3,0.0334,0.0462,12839.3,0
2026-02-15,Bhopal,538,214.99,115577.95,69,28.9,0.1573,0.0389,4798.7,0
2026-02-16,Bangalore,2344,338.56,793637.63,237,24.6,0.0232,0.0473,15337.61,0
2026-02-16,Mumbai,2613,364.44,952175.53,237,23.1,0.0312,0.0481,15193.58,0
2026-02-16,Delhi,2343,319.63,748999.55,217,19.6,0.0397,0.0513,12998.97,0
2026-02-16,Pune,1354,292.85,396590.91,135,31.8,0.0204,0.0503,8276.58,0
2026-02-16,Hyderabad,1596,313.54,500288.47,152,25.4,0.0329,0.0454,9416.21,0
2026-02-16,Bhopal,486,237.34,115414.6,72,16.6,0.147,0.0483,4235.87,0
2026-02-17,Bangalore,2398,334.72,802567.3,227,22.1,0.0343,0.047,13221.63,0
2026-02-17,Mumbai,2421,350.98,849588.17,246,25.3,0.0343,0.0486,15148.64,0
2026-02-17,Delhi,2226,325.53,724701.43,215,27.0,0.0445,0.0485,13748.58,0
2026-02-17,Pune,1475,299.68,442003.76,127,22.1,0.0293,0.0416,8742.89,0
2026-02-17,Hyderabad,1537,306.18,470480.11,141,24.0,0.031,0.0409,9726.14,0
2026-02-17,Bhopal,513,223.82,114812.47,68,21.7,0.1194,0.0491,4325.87,0
2026-02-18,Bangalore,2368,312.75,740666.77,224,24.1,0.0244,0.0464,15820.74,0
2026-02-18,Mumbai,2430,316.52,769094.81,241,27.1,0.0381,0.046,13981.82,0
2026-02-18,Delhi,2393,307.54,735884.26,213,26.7,0.043,0.0588,14826.4,0
2026-02-18,Pune,1364,299.69,408893.05,123,23.0,0.0269,0.0424,8290.17,0
2026-02-18,Hyderabad,1534,323.9,496930.65,150,23.2,0.03,0.0458,9838.17,0
2026-02-18,Bhopal,469,232.9,109174.58,69,22.0,0.1077,0.0426,4310.67,0
2026-02-19,Bangalore,2432,342.63,833114.23,226,25.0,0.0294,0.0445,14911.66,0
2026-02-19,Mumbai,2524,324.88,820078.15,239,26.3,0.0364,0.0498,16705.59,0
2026-02-19,Delhi,2310,322.53,745097.32,206,25.5,0.0381,0.051,13700.1,0
2026-02-19,Pune,1368,300.01,410554.7,132,18.3,0.0235,0.0422,7375.66,0
2026-02-19,Hyderabad,1559,308.17,480540.65,148,24.8,0.0365,0.0465,9841.21,0
2026-02-19,Bhopal,462,249.14,115128.27,70,21.3,0.1486,0.0372,4230.81,0
2026-02-20,Bangalore,2445,327.73,801360.42,214,21.0,0.0351,0.0532,13569.93,0
2026-02-20,Mumbai,2683,355.27,953180.54,244,23.6,0.0276,0.0452,14753.52,0
2026-02-20,Delhi,2385,313.43,747593.67,209,17.6,0.034,0.044,17188.45,0
2026-02-20,Pune,1455,299.77,436140.42,129,25.4,0.0301,0.0391,9540.16,0
2026-02-20,Hyderabad,1657,318.91,528499.93,152,25.7,0.0301,0.048,9650.02,0
2026-02-20,Bhopal,476,240.17,114310.3,73,20.3,0.1099,0.0458,4096.84,0
2026-02-21,Bangalore,2784,343.32,955769.58,219,20.0,0.0367,0.0409,16559.8,0
2026-02-21,Mumbai,2744,357.47,981014.07,252,24.6,0.0301,0.0387,15620.31,0
2026-02-21,Delhi,2595,315.93,819966.92,218,21.2,0.0433,0.0462,16218.82,0
2026-02-21,Pune,1702,318.97,542811.43,126,20.9,0.0264,0.0438,10607.51,0
2026-02-21,Hyderabad,1931,309.06,596740.33,149,21.9,0.0307,0.0554,10032.94,0
2026-02-21,Bhopal,569,258.56,147045.44,70,23.1,0.1312,0.0441,5432.29,0
2026-02-22,Bangalore,2455,360.85,885812.78,211,22.9,0.0288,0.0479,12767.07,0
2026-02-22,Mumbai,3059,389.15,1190446.93,230,22.3,0.0309,0.0471,18383.86,0
2026-02-22,Delhi,2560,326.24,835239.89,221,25.8,0.0389,0.0385,14136.66,0
2026-02-22,Pune,1648,317.81,523759.0,131,24.0,0.0286,0.0387,10386.3,0
2026-02-22,Hyderabad,1921,304.39,584794.19,148,22.9,0.0312,0.0447,13544.01,0
2026-02-22,Bhopal,557,235.77,131216.23,69,23.5,0.1501,0.0418,5295.6,0
2026-02-23,Bangalore,2570,331.83,852930.92,208,22.3,0.0345,0.049,12890.18,0
2026-02-23,Mumbai,2716,342.56,930403.48,245,21.6,0.0301,0.043,17228.26,0
2026-02-23,Delhi,2312,327.48,757193.13,222,28.0,0.0306,0.0455,12833.99,0
2026-02-23,Pune,1307,297.73,389097.53,134,27.8,0.0294,0.0377,7833.37,0
2026-02-23,Hyderabad,1500,314.51,471703.33,154,17.5,0.0281,0.046,9326.36,0
2026-02-23,Bhopal,500,251.02,125488.19,68,27.0,0.1488,0.0361,4399.04,0
2026-02-24,Bangalore,2339,338.89,792835.64,222,22.3,0.0278,0.0452,12765.19,0
2026-02-24,Mumbai,2459,369.78,909238.18,232,25.2,0.033,0.0364,13920.04,0
2026-02-24,Delhi,2437,307.44,749333.09,207,26.0,0.0428,0.0437,13895.77,0
2026-02-24,Pune,1500,320.87,481160.9,134,22.0,0.0304,0.0408,9389.17,0
2026-02-24,Hyderabad,1633,327.38,534765.73,153,26.6,0.0232,0.04,9487.23,0
2026-02-24,Bhopal,496,258.29,128147.65,77,23.5,0.1473,0.0477,4567.11,0
2026-02-25,Bangalore,2362,364.41,860572.97,222,25.7,0.0322,0.0471,15159.71,0
2026-02-25,Mumbai,2520,351.96,886854.85,232,25.9,0.032,0.0473,17228.2,0
2026-02-25,Delhi,2299,328.56,755476.31,203,25.7,0.0377,0.0492,13458.17,0
2026-02-25,Pune,1395,281.79,393087.43,129,25.4,0.034,0.0475,8404.65,0
2026-02-25,Hyderabad,1601,301.81,483069.77,153,25.2,0.0319,0.0424,7880.11,0
2026-02-25,Bhopal,517,234.62,121269.66,68,23.0,0.149,0.0503,4658.2,0
2026-02-26,Bangalore,2482,321.42,797780.99,228,23.1,0.0312,0.0457,12687.84,0
2026-02-26,Mumbai,2653,345.18,915797.82,230,26.8,0.0231,0.0419,17953.33,0
2026-02-26,Delhi,2238,298.15,667364.48,203,23.6,0.0474,0.0423,13609.39,0
2026-02-26,Pune,1435,313.41,449780.72,136,20.7,0.0284,0.0429,8797.52,0
2026-02-26,Hyderabad,1523,298.13,454023.99,152,24.1,0.0298,0.0412,8961.96,0
2026-02-26,Bhopal,467,247.72,115772.29,72,21.7,0.0976,0.0375,3788.92,0
2026-02-27,Bangalore,2390,320.28,765476.71,214,24.5,0.0255,0.0453,13477.45,0
2026-02-27,Mumbai,2623,352.13,923626.56,238,27.4,0.0375,0.0385,16826.11,0
2026-02-27,Delhi,2393,305.3,730683.06,215,21.2,0.0492,0.0404,15577.65,0
2026-02-27,Pune,1419,306.62,435091.97,131,20.7,0.0318,0.0502,9343.85,0
2026-02-27,Hyderabad,1582,309.46,489458.42,143,25.4,0.0323,0.0447,10379.06,0
2026-02-27,Bhopal,482,244.6,117853.01,68,23.6,0.1345,0.0461,4002.67,0
2026-02-28,Bangalore,2742,351.23,963033.99,217,28.4,0.0228,0.0519,14679.54,0
2026-02-28,Mumbai,3093,352.76,1091117.17,242,23.4,0.0313,0.0411,17490.71,0
2026-02-28,Delhi,2524,309.35,780754.68,210,25.7,0.0357,0.0524,14411.02,0
2026-02-28,Pune,1629,306.0,498551.09,132,25.9,0.0303,0.0474,8767.39,0
2026-02-28,Hyderabad,1920,321.0,616312.54,147,25.7,0.0302,0.044,12549.81,0
2026-02-28,Bhopal,630,231.68,145981.86,67,25.8,0.1412,0.0438,6054.95,0
2026-03-01,Bangalore,2472,349.42,863866.75,216,29.0,0.0377,0.0662,14744.0,1
2026-03-01,Mumbai,3119,354.43,1105278.33,240,19.2,0.0301,0.0449,17635.59,0
2026-03-01,Delhi,2580,338.48,873201.56,202,23.3,0.0449,0.0436,16498.2,0
2026-03-01,Pune,1637,306.85,502423.92,134,22.5,0.0285,0.0396,9148.49,0
2026-03-01,Hyderabad,2111,325.43,687094.29,144,25.2,0.024,0.0477,13247.33,0
2026-03-01,Bhopal,556,238.0,132403.16,71,18.5,0.1367,0.0439,4430.11,0
2026-03-02,Bangalore,2324,380.6,884583.46,222,26.3,0.0286,0.073,15034.68,1
2026-03-02,Mumbai,2679,389.61,1043733.88,232,21.7,0.0321,0.0478,14842.81,0
2026-03-02,Delhi,2252,316.22,712134.75,216,20.9,0.0455,0.0453,12713.03,0
2026-03-02,Pune,1312,297.4,390154.93,129,25.1,0.0409,0.0381,7500.96,0
2026-03-02,Hyderabad,1682,335.9,564881.05,143,28.7,0.0215,0.0469,9360.16,0
2026-03-02,Bhopal,503,213.98,107653.58,70,26.3,0.1416,0.0399,4343.06,0
2026-03-03,Bangalore,2197,343.47,754744.99,214,21.5,0.0282,0.0745,14716.17,1
2026-03-03,Mumbai,2569,360.55,926434.59,230,23.9,0.0287,0.0581,13988.4,0
2026-03-03,Delhi,2468,332.76,821377.74,212,24.9,0.0506,0.0469,14744.72,0
2026-03-03,Pune,1486,313.16,465242.58,128,23.5,0.0241,0.041,8866.71,0
2026-03-03,Hyderabad,1699,304.33,517054.25,150,26.1,0.0303,0.0338,9678.58,0
2026-03-03,Bhopal,495,250.68,124132.0,69,25.5,0.097,0.0418,3823.59,0
2026-03-04,Bangalore,2232,337.49,753304.15,216,26.2,0.0201,0.0782,14707.89,1
2026-03-04,Mumbai,2452,357.1,875641.59,240,25.7,0.0327,0.0413,14813.14,0
2026-03-04,Delhi,2353,338.63,796667.27,214,24.2,0.0447,0.0521,14597.52,0
2026-03-04,Pune,1340,316.84,424478.69,133,22.8,0.028,0.0465,8348.61,0
2026-03-04,Hyderabad,1616,313.86,507130.14,158,24.5,0.0348,0.0497,8860.53,0
2026-03-04,Bhopal,500,256.51,128191.39,70,22.4,0.1178,0.0396,4003.43,0
2026-03-05,Bangalore,2261,320.88,725621.25,220,21.7,0.0341,0.08,14734.83,1
2026-03-05,Mumbai,2734,350.53,958332.72,246,26.2,0.0251,0.0459,17160.14,0
2026-03-05,Delhi,2165,308.54,667936.16,214,25.2,0.0343,0.0382,13906.91,0
2026-03-05,Pune,1314,306.63,402823.84,132,25.5,0.0269,0.0463,7528.4,0
2026-03-05,Hyderabad,1519,285.66,434012.93,152,24.2,0.023,0.0437,9631.81,0
2026-03-05,Bhopal,483,236.05,113916.66,72,24.8,0.1418,0.0473,3607.24,0
2026-03-06,Bangalore,2391,348.33,832919.43,213,23.9,0.0289,0.0723,15360.68,1
2026-03-06,Mumbai,2786,375.58,1046387.93,231,27.3,0.0328,0.0469,18236.24,0
2026-03-06,Delhi,2531,333.1,843221.85,212,24.4,0.0463,0.0451,14743.68,0
2026-03-06,Pune,1509,290.18,438007.26,136,20.5,0.0322,0.0468,7471.7,0
2026-03-06,Hyderabad,1650,320.98,529624.88,147,28.9,0.0306,0.0425,9026.62,0
2026-03-06,Bhopal,752,280.41,210829.24,70,27.4,0.0346,0.0413,4328.71,0
2026-03-07,Bangalore,2813,362.92,1020762.13,224,29.0,0.026,0.0709,17088.21,1
2026-03-07,Mumbai,3041,382.38,1162885.95,246,25.2,0.0319,0.0452,19095.78,0
2026-03-07,Delhi,2310,316.2,730577.16,212,25.0,0.0331,0.044,15890.78,0
2026-03-07,Pune,1737,294.41,511281.25,129,22.9,0.0297,0.046,9761.34,0
2026-03-07,Hyderabad,1736,317.72,551559.45,153,26.2,0.0264,0.0418,10635.65,0
2026-03-07,Bhopal,838,259.65,217591.95,71,23.5,0.0277,0.044,4715.29,0
2026-03-08,Bangalore,2626,318.94,837590.98,217,23.4,0.0287,0.073,16329.15,1
2026-03-08,Mumbai,3062,372.59,1140759.38,235,21.4,0.0246,0.0426,17831.32,0
2026-03-08,Delhi,2543,303.41,771621.86,207,25.5,0.0411,0.0422,14733.85,0
2026-03-08,Pune,1535,299.62,460040.98,127,19.5,0.0326,0.0432,9443.56,0
2026-03-08,Hyderabad,1857,343.39,637652.0,152,23.8,0.0255,0.0361,11066.64,0
2026-03-08,Bhopal,771,269.52,207926.5,69,22.4,0.0295,0.0537,4504.9,0
2026-03-09,Bangalore,2515,351.07,882986.07,223,25.0,0.0317,0.0652,15354.12,1
2026-03-09,Mumbai,2710,359.3,973645.32,230,28.3,0.0298,0.0512,16175.21,0
2026-03-09,Delhi,2409,315.31,759710.06,199,27.9,0.0345,0.0436,14163.29,0
2026-03-09,Pune,1379,322.85,445213.31,136,23.6,0.04,0.0465,7228.33,0
2026-03-09,Hyderabad,1718,295.52,507748.29,151,22.5,0.0251,0.0408,9786.72,0
2026-03-09,Bhopal,681,254.3,173210.18,72,24.6,0.025,0.0511,3912.01,0
2026-03-10,Bangalore,2221,336.86,748276.49,228,22.7,0.0309,0.0778,12607.83,1
2026-03-10,Mumbai,2689,365.88,983707.06,238,21.8,0.0262,0.0477,17783.56,0
2026-03-10,Delhi,2227,325.87,725611.96,197,23.9,0.0365,0.0405,12317.59,0
2026-03-10,Pune,1245,303.51,377863.84,71,28.5,0.0199,0.042,8429.22,0
2026-03-10,Hyderabad,1560,303.47,473426.81,156,25.0,0.0283,0.0457,7698.26,0
2026-03-10,Bhopal,727,262.24,190619.0,71,18.8,0.0477,0.0536,4256.85,0
2026-03-11,Bangalore,2337,339.38,793167.51,217,24.8,0.0274,0.0684,15520.51,1
2026-03-11,Mumbai,2546,343.73,875092.76,237,22.7,0.0357,0.0468,14344.9,0
2026-03-11,Delhi,2387,328.77,784837.67,222,25.7,0.0389,0.0455,15869.69,0
2026-03-11,Pune,1242,308.94,383613.1,71,42.9,0.0297,0.0463,8019.65,0
2026-03-11,Hyderabad,1726,322.22,556231.36,154,21.8,0.028,0.0498,11113.63,0
2026-03-11,Bhopal,752,253.72,190680.56,70,23.0,0.0226,0.05,4333.97,0
2026-03-12,Bangalore,2378,337.41,802285.85,222,24.2,0.0248,0.0616,14629.69,1
2026-03-12,Mumbai,2388,377.37,901165.3,246,27.8,0.0321,0.0403,16414.62,0
2026-03-12,Delhi,2407,316.97,763015.86,217,21.9,0.0334,0.042,13806.53,0
2026-03-12,Pune,1220,314.68,383892.62,71,34.8,0.0316,0.0359,8135.3,0
2026-03-12,Hyderabad,1595,293.03,467243.67,159,24.3,0.0341,0.0513,8892.33,0
2026-03-12,Bhopal,719,262.08,188439.81,71,25.8,0.0357,0.0464,3719.18,0
2026-03-13,Bangalore,2193,338.33,742096.47,221,30.0,0.0249,0.0848,14396.62,1
2026-03-13,Mumbai,2609,356.94,931397.6,233,24.6,0.0303,0.0388,16092.18,0
2026-03-13,Delhi,2282,295.58,674556.63,205,28.7,0.0375,0.0478,12168.99,0
2026-03-13,Pune,1319,281.43,371293.91,74,37.6,0.0279,0.0516,7681.22,0
2026-03-13,Hyderabad,1553,322.88,501527.02,143,22.9,0.0173,0.0478,10252.06,0
2026-03-13,Bhopal,684,255.72,174859.41,72,23.0,0.0216,0.046,4256.32,0
2026-03-14,Bangalore,2582,340.47,879110.11,204,25.1,0.027,0.0729,16217.2,1
2026-03-14,Mumbai,3057,355.07,1085372.34,241,23.5,0.0257,0.0481,18580.76,0
2026-03-14,Delhi,2567,322.87,828946.45,215,26.9,0.0277,0.0433,15950.8,0
2026-03-14,Pune,1570,283.54,445120.27,70,38.4,0.0287,0.0537,9507.28,0
2026-03-14,Hyderabad,1859,295.09,548520.63,148,23.2,0.0314,0.0445,10660.86,0
2026-03-14,Bhopal,744,263.34,195939.57,74,24.6,0.0301,0.0485,3992.04,0
2026-03-15,Bangalore,2875,342.75,985462.17,231,28.5,0.0267,0.0823,18797.85,1
2026-03-15,Mumbai,3025,356.42,1078169.34,249,19.1,0.0306,0.0394,17868.83,0
2026-03-15,Delhi,2686,319.28,857573.6,218,24.4,0.0283,0.0359,17136.28,0
2026-03-15,Pune,1474,305.04,449684.41,70,46.3,0.0358,0.0479,9510.61,0
2026-03-15,Hyderabad,1775,320.61,569069.84,157,22.2,0.0348,0.0468,9502.15,0
2026-03-15,Bhopal,828,264.69,219170.48,66,23.3,0.0248,0.0435,4467.49,0
2026-03-16,Bangalore,2349,343.42,806628.55,219,26.6,0.0266,0.0873,14088.51,1
2026-03-16,Mumbai,2520,367.07,925178.49,237,25.8,0.0294,0.0355,16783.85,0
2026-03-16,Delhi,2308,314.73,726516.26,209,19.7,0.0398,0.0525,13897.85,0
2026-03-16,Pune,1317,311.42,409991.72,69,41.0,0.0321,0.0492,7064.02,0
2026-03-16,Hyderabad,1552,315.36,489367.65,152,22.2,0.0268,0.0444,8614.95,0
2026-03-16,Bhopal,729,256.16,186861.07,64,21.4,0.0283,0.0368,3925.48,0
2026-03-17,Bangalore,2317,358.07,829505.22,222,25.1,0.0273,0.0773,13640.69,1
2026-03-17,Mumbai,2450,334.77,820173.0,237,23.8,0.0307,0.0429,13541.09,0
2026-03-17,Delhi,2370,303.14,718427.82,215,22.1,0.034,0.0377,13625.54,0
2026-03-17,Pune,1351,306.19,413601.22,74,43.2,0.0323,0.0433,8236.86,0
2026-03-17,Hyderabad,1504,321.08,482989.59,154,23.0,0.0382,0.0486,10741.64,0
2026-03-17,Bhopal,678,244.04,165549.48,66,19.3,0.0332,0.0431,4218.63,0
2026-03-18,Bangalore,2325,345.79,804067.44,221,21.6,0.0358,0.0768,13597.55,1
2026-03-18,Mumbai,2708,372.97,1009963.23,243,21.1,0.0353,0.0533,18309.96,0
2026-03-18,Delhi,2385,342.81,817456.44,200,22.2,0.0369,0.0486,13055.5,0
2026-03-18,Pune,1337,316.45,423020.11,73,41.9,0.0313,0.0408,9626.01,0
2026-03-18,Hyderabad,1597,304.82,486757.17,141,28.8,0.0252,0.0386,9732.56,0
2026-03-18,Bhopal,735,246.95,181571.71,70,24.0,0.0342,0.0593,3798.14,0
2026-03-19,Bangalore,2426,337.65,819127.01,225,22.2,0.032,0.0819,12814.78,1
2026-03-19,Mumbai,2678,364.29,975731.74,245,24.9,0.0348,0.0457,14890.6,0
2026-03-19,Delhi,2218,335.19,743483.58,219,24.1,0.0386,0.0405,14609.21,0
2026-03-19,Pune,1331,323.29,430257.55,70,40.0,0.0283,0.0482,8523.48,0
2026-03-19,Hyderabad,1671,318.94,532796.76,146,26.9,0.0361,0.0457,10089.56,0
2026-03-19,Bhopal,719,251.04,180594.94,70,26.2,0.0203,0.0372,4857.13,0
2026-03-20,Bangalore,2266,337.12,763906.87,216,27.5,0.0287,0.069,15669.38,1
2026-03-20,Mumbai,2644,342.62,905864.83,232,21.6,0.0375,0.0392,17367.16,0
2026-03-20,Delhi,2339,307.99,720378.8,211,26.8,0.0338,0.0503,14655.77,0
2026-03-20,Pune,1311,321.13,421100.45,71,42.0,0.0247,0.0554,7828.72,0
2026-03-20,Hyderabad,1633,309.33,505236.12,146,29.8,0.035,0.046,9061.58,0
2026-03-20,Bhopal,646,262.68,169637.07,72,24.0,0.0321,0.0421,3522.07,0
2026-03-21,Bangalore,2760,352.43,972765.54,210,25.4,0.0372,0.089,15321.73,1
2026-03-21,Mumbai,2786,357.85,996915.34,244,25.8,0.0381,0.0438,15285.22,0
2026-03-21,Delhi,2808,307.65,863783.9,220,28.0,0.0383,0.0484,16653.69,0
2026-03-21,Pune,1443,295.91,426917.98,72,34.1,0.0303,0.0442,9470.74,0
2026-03-21,Hyderabad,1882,297.85,560601.56,145,19.5,0.0224,0.0382,10625.67,0
2026-03-21,Bhopal,884,254.53,224908.21,70,24.3,0.0318,0.0446,4773.62,0
2026-03-22,Bangalore,2842,364.58,1036064.29,209,23.3,0.0254,0.0778,18510.25,1
2026-03-22,Mumbai,2881,391.18,1127028.62,249,26.6,0.031,0.0505,16474.34,0
2026-03-22,Delhi,2537,321.0,814395.33,215,20.1,0.0408,0.041,15128.49,0
2026-03-22,Pune,1476,323.67,477606.97,69,47.2,0.0323,0.0564,9299.15,0
2026-03-22,Hyderabad,1892,312.42,591236.74,150,17.7,0.032,0.0484,11473.9,0
2026-03-22,Bhopal,796,281.29,223917.51,69,29.0,0.0282,0.0408,4557.31,0
2026-03-23,Bangalore,2287,351.43,803751.56,221,22.7,0.0242,0.0802,14202.16,1
2026-03-23,Mumbai,2655,366.02,971920.49,227,24.6,0.0348,0.0519,16521.91,0
2026-03-23,Delhi,2427,325.97,791020.12,218,23.8,0.0431,0.0564,15638.6,0
2026-03-23,Pune,1325,284.68,377192.28,69,47.1,0.0313,0.0419,8742.49,0
2026-03-23,Hyderabad,1656,295.85,489821.26,149,23.0,0.0264,0.0429,9538.39,0
2026-03-23,Bhopal,656,258.67,169707.26,69,29.1,0.0168,0.0504,3812.98,0
2026-03-24,Bangalore,2306,324.07,747349.47,231,24.4,0.0385,0.0889,14624.09,1
2026-03-24,Mumbai,2426,354.07,859053.11,241,23.5,0.028,0.0445,14459.24,0
2026-03-24,Delhi,2306,306.42,706617.31,205,26.4,0.0323,0.0345,15166.15,0
2026-03-24,Pune,1377,296.37,408190.02,66,46.4,0.0284,0.0399,8596.61,0
2026-03-24,Hyderabad,1653,298.54,493536.99,143,23.5,0.0285,0.0475,9476.67,0
2026-03-24,Bhopal,718,280.13,201102.87,72,23.5,0.0298,0.0432,4731.21,0
2026-03-25,Bangalore,2232,340.62,760161.97,220,20.6,0.0277,0.086,13877.43,1
2026-03-25,Mumbai,2665,352.32,938933.57,249,28.3,0.0261,0.0363,16569.53,0
2026-03-25,Delhi,2355,309.82,729517.89,213,18.5,0.0477,0.0475,11192.63,0
2026-03-25,Pune,1226,319.55,391707.96,70,38.4,0.0247,0.0553,6774.15,0
2026-03-25,Hyderabad,1720,333.04,572752.65,150,29.2,0.0244,0.053,10902.59,0
2026-03-25,Bhopal,672,259.49,174264.7,70,27.6,0.0315,0.0494,3667.63,0
2026-03-26,Bangalore,2463,344.26,847761.72,225,21.2,0.0366,0.0848,14709.44,1
2026-03-26,Mumbai,2396,364.99,874587.4,258,23.9,0.0217,0.0482,14524.53,0
2026-03-26,Delhi,2287,303.37,693804.31,211,18.5,0.0355,0.051,14817.85,0
2026-03-26,Pune,1291,302.75,390947.81,74,45.2,0.031,0.0435,9342.46,0
2026-03-26,Hyderabad,1616,294.25,475369.99,151,22.4,0.0263,0.0409,8831.88,0
2026-03-26,Bhopal,774,273.85,212057.25,74,24.2,0.0245,0.0385,4376.84,0
2026-03-27,Bangalore,2198,356.86,784457.35,217,25.5,0.0348,0.0971,12045.11,1
2026-03-27,Mumbai,2764,376.51,1040557.35,233,24.8,0.0345,0.0439,15443.65,0
2026-03-27,Delhi,2217,346.24,767713.45,210,22.0,0.0447,0.0411,14503.36,0
2026-03-27,Pune,1201,295.02,354341.69,72,43.8,0.0305,0.047,8285.45,0
2026-03-27,Hyderabad,1521,306.48,466192.31,155,20.6,0.034,0.0468,7622.24,0
2026-03-27,Bhopal,702,279.74,196275.27,68,25.9,0.0262,0.0373,3987.87,0
2026-03-28,Bangalore,2729,331.37,904191.79,218,25.1,0.0333,0.0875,16571.91,1
2026-03-28,Mumbai,3045,358.22,1090890.68,243,23.5,0.0278,0.0401,18218.64,0
2026-03-28,Delhi,2538,305.74,775890.72,212,26.0,0.0413,0.0428,15744.24,0
2026-03-28,Pune,1522,305.34,464720.93,70,43.4,0.0307,0.045,8200.16,0
2026-03-28,Hyderabad,2044,305.54,624377.97,147,24.8,0.0317,0.051,10976.06,0
2026-03-28,Bhopal,834,266.14,222077.67,70,26.6,0.0315,0.0494,4529.74,0
2026-03-29,Bangalore,2758,339.12,935379.93,220,23.6,0.0303,0.0928,17118.82,1
2026-03-29,Mumbai,2823,354.33,1000150.68,241,25.5,0.0355,0.0407,20443.15,0
2026-03-29,Delhi,2680,336.33,901356.56,209,26.1,0.0432,0.0511,17496.98,0
2026-03-29,Pune,1546,296.22,457893.76,70,48.7,0.0315,0.0439,10976.13,0
2026-03-29,Hyderabad,1756,299.62,526046.21,149,22.7,0.0314,0.0518,10906.46,0
2026-03-29,Bhopal,807,245.07,197667.67,67,18.7,0.0313,0.0501,4775.74,0
2026-03-30,Bangalore,2678,371.39,994429.2,219,26.5,0.0295,0.0959,14450.66,1
2026-03-30,Mumbai,2368,351.04,831188.79,244,26.7,0.0322,0.039,11464.58,0
2026-03-30,Delhi,2399,309.4,742146.81,197,26.0,0.0409,0.0444,13842.92,0
2026-03-30,Pune,1278,295.55,377639.03,69,40.3,0.0268,0.0466,8449.77,0
2026-03-30,Hyderabad,1585,283.0,448697.73,151,20.3,0.0364,0.0421,9773.77,0
2026-03-30,Bhopal,744,255.34,189933.39,69,24.3,0.0211,0.0552,4566.25,0
2026-03-31,Bangalore,2301,344.38,792568.39,220,26.1,0.0263,0.0891,14405.07,1
2026-03-31,Mumbai,2473,378.77,936776.15,245,26.5,0.0275,0.0425,13872.19,0
2026-03-31,Delhi,2213,297.33,657883.22,213,20.9,0.029,0.0346,13180.58,0
2026-03-31,Pune,1278,296.08,378484.34,69,40.5,0.0247,0.0422,8556.65,0
2026-03-31,Hyderabad,1614,326.16,526581.48,153,24.6,0.0281,0.0438,9693.27,0
2026-03-31,Bhopal,689,258.29,177860.06,70,21.5,0.0255,0.0381,3580.65,0
2026-04-01,Bangalore,2164,342.17,740374.02,214,24.1,0.0323,0.0782,14261.69,1
2026-04-01,Mumbai,2705,345.69,935226.66,243,24.2,0.0261,0.0387,13806.88,0
2026-04-01,Delhi,2256,318.42,718339.47,207,23.0,0.0329,0.0463,13485.22,0
2026-04-01,Pune,1413,291.96,412471.86,135,25.2,0.0247,0.0509,8816.36,0
2026-04-01,Hyderabad,1584,303.45,480602.12,155,21.6,0.0236,0.043,10482.89,0
2026-04-01,Bhopal,713,249.93,178274.69,69,22.2,0.0272,0.0499,3790.52,0
2026-04-02,Bangalore,2489,351.26,874412.37,227,23.6,0.0279,0.0808,14878.08,1
2026-04-02,Mumbai,2664,378.66,1008825.37,232,23.6,0.0284,0.038,16772.78,0
2026-04-02,Delhi,2217,317.5,703813.09,207,24.0,0.0353,0.0439,12888.29,0
2026-04-02,Pune,1349,303.83,409874.8,136,26.5,0.0306,0.038,8200.46,0
2026-04-02,Hyderabad,1512,291.69,441090.84,147,26.4,0.0354,0.0462,7914.38,0
2026-04-02,Bhopal,693,263.14,182388.67,70,21.8,0.0217,0.0447,4344.64,0
2026-04-03,Bangalore,2051,337.8,692819.83,221,25.7,0.0338,0.0909,11964.27,1
2026-04-03,Mumbai,2352,354.34,833393.5,247,25.8,0.0363,0.0471,14558.21,0
2026-04-03,Delhi,2236,318.34,711812.32,221,28.0,0.0343,0.0434,14898.14,0
2026-04-03,Pune,1302,307.03,399607.7,127,24.5,0.0236,0.05,7259.28,0
2026-04-03,Hyderabad,1480,308.86,457138.78,150,26.4,0.0325,0.0447,10253.62,0
2026-04-03,Bhopal,708,256.4,181490.28,67,23.2,0.0288,0.0498,4410.77,0
2026-04-04,Bangalore,2493,342.34,853582.53,224,26.2,0.0369,0.0918,15661.51,1
2026-04-04,Mumbai,3048,377.99,1152142.17,230,22.1,0.0284,0.0469,20163.21,0
2026-04-04,Delhi,2566,289.4,742625.44,207,25.3,0.0455,0.0471,15037.06,0
2026-04-04,Pune,1507,306.18,461430.23,127,25.4,0.0398,0.0421,8581.54,0
2026-04-04,Hyderabad,1831,307.03,562310.15,155,22.2,0.0308,0.0545,11033.85,0
2026-04-04,Bhopal,836,253.67,212058.09,71,19.3,0.0314,0.0551,5555.13,0
2026-04-05,Bangalore,2597,325.01,844042.07,222,24.9,0.0304,0.089,16915.86,1
2026-04-05,Mumbai,3206,368.18,1180524.32,232,28.1,0.0361,0.0608,17437.06,0
2026-04-05,Delhi,2677,293.35,785331.18,213,28.8,0.0367,0.0411,13801.65,0
2026-04-05,Pune,1572,276.29,434351.88,133,24.1,0.0207,0.0346,9180.62,0
2026-04-05,Hyderabad,1991,314.47,626173.82,146,24.0,0.0299,0.0474,10586.31,0
2026-04-05,Bhopal,829,231.87,192189.23,69,25.6,0.0278,0.0451,4390.6,0
2026-04-06,Bangalore,2191,342.7,750698.7,219,22.8,0.0274,0.0915,13100.17,1
2026-04-06,Mumbai,2589,391.25,1012761.92,230,26.0,0.0217,0.0416,15119.4,0
2026-04-06,Delhi,2210,316.67,699903.66,220,26.2,0.0448,0.0379,11988.88,0
2026-04-06,Pune,1201,290.29,348711.98,134,23.4,0.0323,0.0449,6793.82,0
2026-04-06,Hyderabad,1616,319.5,516428.61,143,26.3,0.0313,0.0429,10264.58,0
2026-04-06,Bhopal,799,258.91,206746.84,71,24.5,0.0267,0.0473,4868.87,0
2026-04-07,Bangalore,2187,342.81,749557.12,230,26.4,0.032,0.0868,14519.82,1
2026-04-07,Mumbai,2636,346.31,912970.51,242,22.4,0.0255,0.0459,16209.64,0
2026-04-07,Delhi,2163,333.49,721420.53,214,20.2,0.0358,0.0443,12497.09,0
2026-04-07,Pune,1408,295.64,416241.08,122,23.2,0.0283,0.0482,7956.01,0
2026-04-07,Hyderabad,1734,286.3,496520.83,156,26.1,0.029,0.0454,11393.93,0
2026-04-07,Bhopal,686,248.57,170631.95,73,24.6,0.0295,0.0512,3764.47,0
2026-04-08,Bangalore,2373,331.98,787649.84,219,20.2,0.0303,0.0841,16498.31,1
2026-04-08,Mumbai,2715,359.1,975024.61,242,27.4,0.0287,0.044,16605.98,0
2026-04-08,Delhi,2432,310.05,753976.7,220,28.1,0.0308,0.0431,14295.66,0
2026-04-08,Pune,1268,294.54,373391.27,126,23.7,0.0273,0.0498,7737.79,0
2026-04-08,Hyderabad,1625,296.42,481560.91,146,22.2,0.0381,0.0533,9550.24,0
2026-04-08,Bhopal,700,271.13,189813.97,73,23.0,0.0295,0.0447,4318.78,0
2026-04-09,Bangalore,2407,340.06,818409.03,224,25.0,0.0374,0.0896,13137.82,1
2026-04-09,Mumbai,2258,365.59,825509.97,239,24.6,0.0277,0.0447,14821.3,0
2026-04-09,Delhi,2310,310.44,717084.78,216,25.3,0.0387,0.0426,13108.9,0
2026-04-09,Pune,1406,300.15,421983.96,132,19.4,0.0288,0.0428,8993.36,0
2026-04-09,Hyderabad,1576,306.94,483809.51,154,20.1,0.0268,0.0442,9075.68,0
2026-04-09,Bhopal,666,258.18,171992.09,71,24.8,0.03,0.0541,3882.88,0
2026-04-10,Bangalore,2336,333.07,778084.4,214,22.8,0.0274,0.0898,17458.53,1
2026-04-10,Mumbai,2507,354.0,887449.17,240,24.7,0.0318,0.0514,12000.11,0
2026-04-10,Delhi,2026,313.65,635304.63,217,16.5,0.0306,0.0479,12399.78,0
2026-04-10,Pune,1324,288.17,381451.09,126,22.4,0.0305,0.0475,6052.8,0
2026-04-10,Hyderabad,1531,296.04,453366.31,149,26.0,0.0276,0.0357,9223.55,0
2026-04-10,Bhopal,720,279.31,200974.59,69,19.5,0.0315,0.033,4621.18,0
2026-04-11,Bangalore,2649,356.03,943068.93,211,28.7,0.0323,0.0901,16936.97,1
2026-04-11,Mumbai,2991,337.38,1009195.68,250,25.3,0.0273,0.0372,16183.63,0
2026-04-11,Delhi,2835,315.55,894530.93,219,19.4,0.0395,0.0495,16172.63,0
2026-04-11,Pune,1666,300.3,500377.42,124,29.5,0.0307,0.0475,9949.55,0
2026-04-11,Hyderabad,1939,312.61,606133.84,151,24.6,0.0251,0.0502,10823.06,0
2026-04-11,Bhopal,862,259.05,223384.9,68,23.3,0.0345,0.0488,5048.22,0
2026-04-12,Bangalore,2642,346.71,915901.26,222,21.2,0.021,0.0926,16328.66,1
2026-04-12,Mumbai,2912,340.44,991249.8,232,23.7,0.0209,0.042,16063.0,0
2026-04-12,Delhi,2636,324.66,855797.63,223,26.9,0.0309,0.0499,14789.1,0
2026-04-12,Pune,1626,294.51,478976.83,131,25.5,0.0368,0.0475,9408.24,0
2026-04-12,Hyderabad,1703,307.41,523671.23,155,21.4,0.0231,0.0456,9382.14,0
2026-04-12,Bhopal,773,255.59,197600.4,67,25.8,0.0256,0.0385,4020.95,0
2026-04-13,Bangalore,2231,349.95,780896.07,219,24.1,0.0279,0.0793,14521.33,1
2026-04-13,Mumbai,2650,354.11,938326.45,247,26.8,0.0249,0.0458,15453.17,0
2026-04-13,Delhi,2298,318.63,732113.91,218,22.1,0.0335,0.0502,13102.1,0
2026-04-13,Pune,1463,320.39,468747.25,128,21.1,0.0331,0.0488,8924.11,0
2026-04-13,Hyderabad,1638,301.99,494620.26,143,18.8,0.0323,0.0434,10597.81,0
2026-04-13,Bhopal,707,280.26,198066.3,72,24.1,0.0271,0.0448,3681.22,0
2026-04-14,Bangalore,2196,332.37,729781.54,207,23.4,0.0302,0.0796,14185.16,1
2026-04-14,Mumbai,2693,363.27,978307.27,238,25.7,0.0327,0.0465,15048.01,0
2026-04-14,Delhi,2332,335.3,781860.61,206,22.7,0.0526,0.0452,13206.8,0
2026-04-14,Pune,1416,279.09,395092.61,128,24.3,0.0251,0.05,8951.03,0
2026-04-14,Hyderabad,1410,335.32,472893.16,151,24.4,0.0265,0.0459,7991.39,0
2026-04-14,Bhopal,707,253.68,179334.88,69,20.4,0.0269,0.0457,4448.44,0
2026-04-15,Bangalore,2363,351.15,829880.24,222,26.1,0.0276,0.0812,13662.09,1
2026-04-15,Mumbai,2475,375.55,929363.25,247,26.7,0.0322,0.0406,15279.25,0
2026-04-15,Delhi,2286,330.84,756169.75,209,25.4,0.0377,0.0494,12949.84,0
2026-04-15,Pune,1396,287.3,400989.91,120,25.5,0.0309,0.0463,7013.82,0
2026-04-15,Hyderabad,1572,282.49,444058.99,156,27.1,0.0251,0.0497,8723.76,0
2026-04-15,Bhopal,660,263.64,174097.88,68,22.8,0.0305,0.0361,3225.67,0
2026-04-16,Bangalore,2330,332.36,774443.26,216,26.9,0.0331,0.0866,14149.86,1
2026-04-16,Mumbai,2665,340.46,907332.57,242,25.7,0.0325,0.0353,14975.6,0
2026-04-16,Delhi,2199,321.28,706491.45,213,22.8,0.049,0.0425,14458.06,0
2026-04-16,Pune,1421,315.21,447840.46,131,20.7,0.0248,0.0372,8994.87,0
2026-04-16,Hyderabad,1695,332.93,564349.11,154,22.5,0.0352,0.0392,10891.01,0
2026-04-16,Bhopal,715,261.12,186599.43,71,27.2,0.0315,0.0515,4482.17,0
2026-04-17,Bangalore,2401,346.99,833277.45,217,20.5,0.0334,0.0933,13514.93,1
2026-04-17,Mumbai,2637,347.83,917280.85,244,20.0,0.0298,0.0471,15060.89,0
2026-04-17,Delhi,2401,320.02,768466.95,212,22.5,0.0343,0.0427,15436.6,0
2026-04-17,Pune,1517,290.34,440563.55,134,21.0,0.0202,0.0402,8078.34,0
2026-04-17,Hyderabad,1473,315.12,464272.12,149,25.7,0.0317,0.0463,9324.42,0
2026-04-17,Bhopal,698,247.66,172755.99,72,21.7,0.0273,0.0441,3867.03,0
2026-04-18,Bangalore,2594,344.68,894200.67,222,22.8,0.026,0.0934,16885.1,1
2026-04-18,Mumbai,3300,376.99,1244163.47,248,25.9,0.0238,0.0447,18892.15,0
2026-04-18,Delhi,2667,332.1,885780.32,213,25.9,0.0347,0.0418,16292.29,0
2026-04-18,Pune,1586,297.37,471509.74,133,28.9,0.0253,0.0359,9039.66,0
2026-04-18,Hyderabad,1874,317.25,594536.93,150,25.0,0.0297,0.0438,12549.81,0
2026-04-18,Bhopal,839,269.08,225697.74,68,23.2,0.0296,0.04,5183.75,0
2026-04-19,Bangalore,2578,348.91,899629.02,213,21.8,0.0377,0.0891,17178.22,1
2026-04-19,Mumbai,2905,372.28,1081344.79,231,24.0,0.0365,0.042,16993.62,0
2026-04-19,Delhi,2752,312.52,860045.83,205,21.1,0.0387,0.0541,15732.52,0
2026-04-19,Pune,1677,302.51,507298.78,126,26.0,0.03,0.0441,11062.06,0
2026-04-19,Hyderabad,1934,321.39,621570.43,148,22.5,0.0251,0.046,12131.65,0
2026-04-19,Bhopal,718,259.92,186513.96,70,27.2,0.0288,0.0471,4775.66,0
2026-04-20,Bangalore,2279,352.75,803959.36,231,21.3,0.0359,0.0867,13834.78,1
2026-04-20,Mumbai,2664,369.88,985222.81,234,19.0,0.0303,0.0522,15299.24,0
2026-04-20,Delhi,2306,316.04,728914.24,217,24.0,0.023,0.0445,13315.41,0
2026-04-20,Pune,1521,289.35,440056.97,133,27.2,0.0316,0.0417,8567.65,0
2026-04-20,Hyderabad,1688,315.27,532083.36,143,25.0,0.0276,0.0492,9552.95,0
2026-04-20,Bhopal,598,265.44,158734.31,67,16.9,0.0209,0.0491,3626.46,0
2026-04-21,Bangalore,2278,358.89,817554.66,224,20.5,0.0373,0.0878,12319.36,1
2026-04-21,Mumbai,2570,356.42,916063.49,245,25.6,0.0302,0.0485,18190.36,0
2026-04-21,Delhi,2264,307.95,697130.12,212,27.7,0.0352,0.0436,12942.29,0
2026-04-21,Pune,1367,308.62,421887.36,129,28.2,0.0271,0.0407,8226.36,0
2026-04-21,Hyderabad,1652,289.77,478755.89,152,26.1,0.0253,0.0402,10485.4,0
2026-04-21,Bhopal,739,268.96,198681.09,71,22.6,0.029,0.0524,4173.86,0
2026-04-22,Bangalore,2185,349.05,762508.05,215,20.4,0.0257,0.0856,13559.2,1
2026-04-22,Mumbai,2632,373.7,983426.51,244,23.5,0.0291,0.0476,17464.06,0
2026-04-22,Delhi,2315,314.0,726749.92,204,25.7,0.0313,0.0479,14555.32,0
2026-04-22,Pune,1391,316.88,440782.6,128,23.9,0.0343,0.042,8758.07,0
2026-04-22,Hyderabad,1633,314.43,513386.37,150,30.0,0.0298,0.0509,10386.73,0
2026-04-22,Bhopal,704,270.47,190390.46,71,23.2,0.0301,0.0446,3107.63,0
2026-04-23,Bangalore,2328,333.36,776141.53,231,21.0,0.0301,0.0878,13283.07,1
2026-04-23,Mumbai,2662,364.19,969306.38,247,24.1,0.0264,0.0382,16902.79,0
2026-04-23,Delhi,2360,326.35,770069.64,210,28.0,0.0425,0.0436,14321.6,0
2026-04-23,Pune,1324,289.58,383396.72,130,23.4,0.035,0.0438,7674.47,0
2026-04-23,Hyderabad,1557,313.66,488433.79,143,22.3,0.0358,0.0486,8354.48,0
2026-04-23,Bhopal,723,266.99,193141.79,71,24.6,0.0255,0.0391,4249.03,0
2026-04-24,Bangalore,2423,350.84,849929.15,220,25.6,0.0256,0.0881,12213.48,1
2026-04-24,Mumbai,2702,359.65,971684.3,249,16.1,0.0251,0.0464,16604.32,0
2026-04-24,Delhi,2106,307.48,647411.42,227,25.8,0.0382,0.0417,10432.79,0
2026-04-24,Pune,1388,296.81,412000.41,128,24.7,0.0295,0.0442,7451.22,0
2026-04-24,Hyderabad,1639,285.83,468441.67,141,25.3,0.0333,0.0447,8689.87,0
2026-04-24,Bhopal,675,257.27,173712.92,67,25.6,0.0267,0.0521,3909.73,0
2026-04-25,Bangalore,2750,313.97,863357.51,224,24.8,0.0264,0.0868,19077.47,1
2026-04-25,Mumbai,2859,369.04,1055178.63,238,23.5,0.0293,0.0408,17135.47,0
2026-04-25,Delhi,2637,323.09,851890.57,211,26.3,0.0448,0.0397,16965.64,0
2026-04-25,Pune,1514,307.05,465033.67,132,24.2,0.0214,0.0427,8512.42,0
2026-04-25,Hyderabad,1964,301.89,593004.61,146,25.7,0.0303,0.0443,12931.21,0
2026-04-25,Bhopal,826,237.35,196136.53,69,25.2,0.0275,0.0319,6011.45,0
2026-04-26,Bangalore,2720,342.02,930290.26,228,26.2,0.0405,0.0927,17184.83,1
2026-04-26,Mumbai,2969,353.15,1048442.2,234,20.6,0.0269,0.0446,15312.3,0
2026-04-26,Delhi,2670,319.53,853237.84,211,31.7,0.0369,0.0518,14359.87,0
2026-04-26,Pune,1629,292.7,476740.31,126,25.1,0.024,0.0416,10560.65,0
2026-04-26,Hyderabad,1931,327.04,631647.52,146,25.6,0.0321,0.0426,10843.26,0
2026-04-26,Bhopal,870,262.37,228201.5,71,21.0,0.0263,0.0422,5164.76,0
2026-04-27,Bangalore,2181,339.87,741384.56,209,25.7,0.025,0.091,13188.53,1
2026-04-27,Mumbai,2468,345.21,851860.11,237,26.3,0.0329,0.0425,13382.91,0
2026-04-27,Delhi,2331,309.46,721287.08,207,26.1,0.048,0.0458,12502.52,0
2026-04-27,Pune,1415,312.75,442480.67,129,27.2,0.0361,0.0533,8704.72,0
2026-04-27,Hyderabad,1647,327.54,539448.83,152,22.9,0.0277,0.0462,8819.18,0
2026-04-27,Bhopal,695,271.4,188622.03,65,26.8,0.0369,0.0427,4358.74,0
2026-04-28,Bangalore,2304,356.73,822030.37,226,25.5,0.0237,0.087,14501.68,1
2026-04-28,Mumbai,2505,385.17,964988.86,247,20.7,0.0267,0.0431,15576.31,0
2026-04-28,Delhi,2328,336.04,782174.89,215,24.8,0.0458,0.0381,13737.99,0
2026-04-28,Pune,1474,299.38,441350.42,132,21.4,0.0286,0.0444,9073.04,0
2026-04-28,Hyderabad,1548,307.08,475215.75,146,23.3,0.035,0.0523,10468.17,0
2026-04-28,Bhopal,697,249.51,173950.72,66,20.6,0.0234,0.0519,4223.35,0
2026-04-29,Bangalore,2349,309.8,727689.12,212,24.7,0.034,0.0873,15371.53,1
2026-04-29,Mumbai,2813,356.82,1003602.63,240,30.0,0.0309,0.0345,17836.76,0
2026-04-29,Delhi,2287,327.25,748365.26,206,25.8,0.0397,0.0606,14644.69,0
2026-04-29,Pune,1341,294.91,395373.34,128,23.2,0.0219,0.0487,7189.67,0
2026-04-29,Hyderabad,1684,316.05,532187.15,147,28.0,0.0294,0.0487,10110.67,0
2026-04-29,Bhopal,692,260.8,180388.17,69,29.1,0.0205,0.0458,4287.78,0
2026-04-30,Bangalore,2297,330.0,758124.12,219,29.7,0.0228,0.0818,13123.53,1
2026-04-30,Mumbai,2543,378.55,962559.84,240,27.1,0.0244,0.0487,15941.15,0
2026-04-30,Delhi,2382,350.65,835351.64,224,28.1,0.0359,0.0469,14888.36,0
2026-04-30,Pune,1282,297.96,381842.04,127,26.7,0.0337,0.0346,7675.13,0
2026-04-30,Hyderabad,1690,307.69,519910.7,153,24.9,0.0316,0.0436,9110.64,0
2026-04-30,Bhopal,661,267.38,176668.58,70,22.9,0.0294,0.0435,4310.35,0
2026-05-01,Bangalore,2265,321.76,728912.07,225,24.1,0.0291,0.096,14134.37,1
2026-05-01,Mumbai,2638,343.02,904756.69,238,20.1,0.0327,0.046,15958.49,0
2026-05-01,Delhi,2305,333.28,768116.37,212,21.5,0.0489,0.0457,13925.83,0
2026-05-01,Pune,1325,311.48,412752.49,139,25.3,0.0299,0.0454,7478.11,0
2026-05-01,Hyderabad,1454,301.25,438117.36,144,23.7,0.0377,0.0433,9372.6,0
2026-05-01,Bhopal,661,252.02,166522.42,70,25.3,0.0346,0.0462,3990.24,0
2026-05-02,Bangalore,2703,342.74,926303.79,213,21.3,0.0302,0.0884,16214.83,1
2026-05-02,Mumbai,3370,359.43,1211133.73,230,25.3,0.0294,0.0534,19224.7,0
2026-05-02,Delhi,2436,330.46,804898.39,201,23.4,0.0374,0.0447,15453.65,0
2026-05-02,Pune,1555,296.72,461382.55,130,24.2,0.0307,0.0472,9985.88,0
2026-05-02,Hyderabad,1876,315.62,592150.1,143,25.2,0.0302,0.0486,10607.27,0
2026-05-02,Bhopal,778,254.03,197755.16,71,23.0,0.0347,0.0495,4718.9,0
2026-05-03,Bangalore,2633,337.13,887695.97,225,29.7,0.0315,0.0837,17167.63,1
2026-05-03,Mumbai,2911,347.48,1011480.73,240,31.3,0.0306,0.0441,15820.4,0
2026-05-03,Delhi,2681,293.44,786756.0,209,26.0,0.0401,0.0499,15411.57,0
2026-05-03,Pune,1598,290.81,464672.68,126,20.8,0.0314,0.0429,8792.17,0
2026-05-03,Hyderabad,1891,332.34,628308.03,144,23.7,0.0217,0.0451,11550.12,0
2026-05-03,Bhopal,787,257.91,202986.99,71,19.1,0.0347,0.0432,4806.35,0
2026-05-04,Bangalore,2198,363.54,799160.09,216,25.4,0.0298,0.085,11624.88,1
2026-05-04,Mumbai,2544,374.82,953655.16,238,26.3,0.0262,0.0433,14616.65,0
2026-05-04,Delhi,2317,329.87,764360.43,225,26.9,0.045,0.0425,12714.56,0
2026-05-04,Pune,1404,301.29,423115.02,126,25.0,0.0292,0.0468,8780.28,0
2026-05-04,Hyderabad,1623,303.71,493010.53,148,28.5,0.0246,0.0451,9557.16,0
2026-05-04,Bhopal,667,290.53,193927.09,68,25.0,0.0281,0.048,4324.66,0
2026-05-05,Bangalore,2512,346.88,871454.0,213,24.8,0.0288,0.0983,13872.51,1
2026-05-05,Mumbai,2756,362.59,999421.6,246,21.9,0.0295,0.0488,17439.93,0
2026-05-05,Delhi,2412,319.83,771360.97,206,26.0,0.0306,0.0471,13306.09,0
2026-05-05,Pune,1362,294.4,401059.57,124,21.2,0.0263,0.0429,7670.64,0
2026-05-05,Hyderabad,1470,335.08,492514.03,156,24.7,0.0265,0.0471,9694.39,0
2026-05-05,Bhopal,671,271.36,182175.81,69,25.8,0.024,0.0515,4896.79,0
2026-05-06,Bangalore,2166,349.51,756955.68,217,20.3,0.0335,0.0817,12661.0,1
2026-05-06,Mumbai,2610,350.77,915598.67,245,25.5,0.0346,0.0531,16204.3,0
2026-05-06,Delhi,2160,337.45,728913.83,206,27.9,0.0455,0.0473,11344.45,0
2026-05-06,Pune,1336,315.87,421919.42,129,25.9,0.0304,0.0485,8200.55,0
2026-05-06,Hyderabad,1583,306.12,484686.4,154,23.4,0.0325,0.0504,9397.69,0
2026-05-06,Bhopal,670,252.11,168959.85,68,27.1,0.0288,0.041,4084.31,0
2026-05-07,Bangalore,2228,336.46,749749.98,210,23.5,0.029,0.0907,14186.32,1
2026-05-07,Mumbai,2444,375.61,918075.35,242,24.0,0.0309,0.0424,14931.43,0
2026-05-07,Delhi,2355,297.64,700850.1,207,24.6,0.0385,0.051,13219.55,0
2026-05-07,Pune,1365,293.85,401146.62,127,25.9,0.0284,0.0397,8482.87,0
2026-05-07,Hyderabad,1464,303.04,443603.58,149,23.3,0.0375,0.034,7320.05,0
2026-05-07,Bhopal,701,266.38,186785.52,71,26.9,0.0308,0.0423,4520.9,0
2026-05-08,Bangalore,2116,327.69,693395.11,208,23.9,0.0288,0.0886,13293.15,1
2026-05-08,Mumbai,2479,357.26,885798.22,229,23.2,0.0361,0.0426,16846.33,0
2026-05-08,Delhi,2157,305.59,659206.28,203,25.1,0.0396,0.0487,15716.93,0
2026-05-08,Pune,1243,307.3,381838.46,128,22.5,0.0274,0.0405,8501.78,0
2026-05-08,Hyderabad,1667,310.29,517368.56,156,20.7,0.0232,0.0341,9421.21,0
2026-05-08,Bhopal,706,261.07,184226.32,70,26.0,0.0237,0.0462,4492.6,0
2026-05-09,Bangalore,2399,344.24,825770.11,212,25.3,0.0282,0.0885,13928.88,1
2026-05-09,Mumbai,2991,337.95,1010775.15,248,26.8,0.0291,0.0424,17162.64,0
2026-05-09,Delhi,2544,331.22,842589.93,206,23.0,0.0439,0.0351,14538.2,0
2026-05-09,Pune,1515,300.41,455140.92,125,23.8,0.0342,0.0441,9587.36,0
2026-05-09,Hyderabad,1929,309.75,597409.95,147,22.3,0.022,0.0419,11675.32,0
2026-05-09,Bhopal,791,267.15,211348.02,69,27.0,0.0297,0.0467,4722.9,0
2026-05-10,Bangalore,2570,331.39,851619.05,214,25.9,0.0276,0.0869,14254.96,1
2026-05-10,Mumbai,3254,364.61,1186557.24,230,24.3,0.028,0.0535,17722.96,0
2026-05-10,Delhi,2774,337.91,937399.35,206,21.4,0.0383,0.044,16593.74,0
2026-05-10,Pune,1663,313.08,520687.58,127,23.9,0.0211,0.0465,10186.01,0
2026-05-10,Hyderabad,1810,311.55,563883.13,157,23.1,0.0317,0.0425,10705.96,0
2026-05-10,Bhopal,871,258.09,224768.3,70,26.7,0.0278,0.0548,5421.49,0
2026-05-11,Bangalore,2314,340.5,787759.39,204,24.3,0.0334,0.0901,13602.31,1
2026-05-11,Mumbai,2550,354.08,902914.46,247,29.2,0.0283,0.0472,13673.62,0
2026-05-11,Delhi,2285,311.66,712207.49,196,25.8,0.0496,0.0477,13900.29,0
2026-05-11,Pune,1303,294.2,383414.29,133,17.7,0.0253,0.0439,7727.18,0
2026-05-11,Hyderabad,1611,319.03,513913.75,153,27.0,0.0312,0.0374,10071.47,0
2026-05-11,Bhopal,722,247.11,178394.79,67,22.3,0.0266,0.0488,4109.75,0
2026-05-12,Bangalore,2205,331.68,731473.97,227,23.6,0.0301,0.0874,15267.51,1
2026-05-12,Mumbai,2503,378.94,948346.46,242,30.3,0.0293,0.0397,14573.08,0
2026-05-12,Delhi,2158,332.19,716959.11,221,27.1,0.05,0.044,12555.48,0
2026-05-12,Pune,1283,324.43,416250.19,132,27.3,0.0278,0.0401,7958.96,0
2026-05-12,Hyderabad,1586,317.92,504280.78,150,24.2,0.0235,0.0502,9493.97,0
2026-05-12,Bhopal,727,249.13,181147.11,70,25.9,0.0272,0.0452,4613.66,0
2026-05-13,Bangalore,2429,349.41,848813.51,222,24.0,0.0255,0.0853,14747.82,1
2026-05-13,Mumbai,2551,345.89,882470.44,226,24.5,0.027,0.0383,15327.87,0
2026-05-13,Delhi,2519,333.1,838910.35,220,26.9,0.0423,0.0414,14299.79,0
2026-05-13,Pune,1208,314.23,379676.12,136,23.4,0.0275,0.0412,7480.73,0
2026-05-13,Hyderabad,1690,288.39,487376.91,152,24.3,0.0288,0.0473,9980.94,0
2026-05-13,Bhopal,696,257.78,179508.41,72,24.6,0.0319,0.0386,4046.43,0
2026-05-14,Bangalore,2408,340.51,819793.35,224,26.6,0.0379,0.0885,14406.3,1
2026-05-14,Mumbai,2268,357.58,810994.47,238,23.6,0.0318,0.0434,11590.36,0
2026-05-14,Delhi,2192,326.1,714782.28,221,24.8,0.0394,0.0498,12262.72,0
2026-05-14,Pune,1426,291.11,415034.7,133,24.7,0.0307,0.0411,9058.06,0
2026-05-14,Hyderabad,1767,297.5,525619.52,148,26.0,0.031,0.0422,8098.0,0
2026-05-14,Bhopal,748,267.91,200281.37,66,27.9,0.0273,0.0522,4836.28,0
2026-05-15,Bangalore,2284,341.13,779039.49,219,21.8,0.0351,0.084,15474.85,1
2026-05-15,Mumbai,2594,379.85,985419.23,235,21.7,0.0298,0.045,13647.55,0
2026-05-15,Delhi,2244,301.62,676802.71,214,19.7,0.0443,0.0517,16265.54,0
2026-05-15,Pune,1403,292.31,410170.64,141,24.1,0.0241,0.0459,9363.09,0
2026-05-15,Hyderabad,1629,303.82,494850.69,146,21.5,0.0285,0.0452,9313.2,0
2026-05-15,Bhopal,648,273.05,176859.13,69,23.6,0.0243,0.0453,3320.65,0
2026-05-16,Bangalore,2694,325.76,877442.89,231,23.0,0.0324,0.0843,16687.35,1
2026-05-16,Mumbai,3082,359.63,1108249.09,238,22.5,0.0303,0.0433,15275.87,0
2026-05-16,Delhi,2774,323.82,898216.71,205,24.2,0.0514,0.0398,17830.85,0
2026-05-16,Pune,1642,304.73,500387.87,128,23.3,0.032,0.0478,8288.26,0
2026-05-16,Hyderabad,1800,331.35,596466.22,147,22.9,0.0273,0.0389,8812.96,0
2026-05-16,Bhopal,796,261.41,208011.21,70,24.1,0.0293,0.0501,4698.54,0
2026-05-17,Bangalore,2574,336.18,865166.03,224,22.4,0.0364,0.0885,16538.19,1
2026-05-17,Mumbai,2842,360.29,1023814.91,229,24.9,0.022,0.0431,17337.06,0
2026-05-17,Delhi,2643,307.5,812615.26,210,27.5,0.0326,0.0382,15597.11,0
2026-05-17,Pune,1526,306.85,468275.36,129,26.1,0.0277,0.0451,9550.81,0
2026-05-17,Hyderabad,1750,292.58,511932.97,150,25.6,0.0286,0.0446,10677.72,0
2026-05-17,Bhopal,740,279.64,206838.01,70,21.9,0.0331,0.0465,3956.12,0
2026-05-18,Bangalore,2356,335.16,789660.24,220,20.9,0.0331,0.0846,15286.68,1
2026-05-18,Mumbai,2873,358.01,1028484.59,244,28.9,0.0295,0.0363,17372.52,0
2026-05-18,Delhi,2113,287.92,608384.24,212,23.3,0.0408,0.0445,15951.82,0
2026-05-18,Pune,1382,306.12,423037.78,127,23.4,0.0313,0.0429,9548.36,0
2026-05-18,Hyderabad,1694,311.7,528066.93,140,30.8,0.0284,0.0438,11099.57,0
2026-05-18,Bhopal,750,262.28,196830.66,68,25.7,0.019,0.0409,4568.91,0
2026-05-19,Bangalore,2160,336.39,726615.34,220,21.2,0.0312,0.094,12828.62,1
2026-05-19,Mumbai,2382,358.43,853894.74,240,27.4,0.0307,0.0438,14151.43,0
2026-05-19,Delhi,2173,330.5,718227.42,211,19.2,0.0375,0.0522,11704.85,0
2026-05-19,Pune,1359,304.3,413425.37,125,18.7,0.0233,0.0486,7781.32,0
2026-05-19,Hyderabad,1834,297.67,545980.83,146,24.6,0.0275,0.0426,11566.65,0
2026-05-19,Bhopal,666,245.63,163528.99,66,22.7,0.02,0.0435,3784.31,0
2026-05-20,Bangalore,2447,356.7,872933.6,218,22.6,0.0219,0.085,14457.67,1
2026-05-20,Mumbai,2509,350.59,879734.61,237,24.5,0.0271,0.0468,13913.24,0
2026-05-20,Delhi,2446,307.46,752088.47,200,22.0,0.0423,0.0466,11737.14,0
2026-05-20,Pune,1497,308.07,461322.46,124,28.2,0.0233,0.0413,8360.25,0
2026-05-20,Hyderabad,1419,305.65,433630.99,149,20.5,0.0332,0.0374,8832.19,0
2026-05-20,Bhopal,735,243.66,179147.51,72,26.7,0.0302,0.0446,3484.18,0
2026-05-21,Bangalore,2286,354.42,810374.3,214,23.6,0.0283,0.0735,16280.96,1
2026-05-21,Mumbai,2483,367.28,911896.99,239,25.0,0.0357,0.0438,13787.71,0
2026-05-21,Delhi,2392,296.02,708006.56,214,27.1,0.0334,0.0458,15120.81,0
2026-05-21,Pune,1406,278.97,392161.14,127,24.4,0.033,0.0509,8717.88,0
2026-05-21,Hyderabad,1523,300.13,456995.28,150,28.2,0.0196,0.0472,10070.16,0
2026-05-21,Bhopal,645,272.94,175960.89,75,25.9,0.0241,0.045,3370.24,0
2026-05-22,Bangalore,2361,351.34,829429.45,216,19.8,0.0352,0.0805,14922.83,1
2026-05-22,Mumbai,2603,349.68,910325.47,246,26.1,0.0324,0.0444,16404.15,0
2026-05-22,Delhi,2249,346.29,778717.19,205,24.1,0.0526,0.0381,15030.74,0
2026-05-22,Pune,1409,310.21,437032.83,135,22.5,0.0315,0.0499,8453.41,0
2026-05-22,Hyderabad,1655,283.29,468813.92,152,28.1,0.0271,0.0481,10127.68,0
2026-05-22,Bhopal,717,249.62,178980.03,73,25.0,0.039,0.053,4098.08,0
2026-05-23,Bangalore,2544,340.56,866375.38,223,25.3,0.0282,0.0895,14577.23,1
2026-05-23,Mumbai,3068,372.43,1142465.95,241,21.0,0.0352,0.0473,16610.4,0
2026-05-23,Delhi,2498,311.92,779081.17,204,23.5,0.0367,0.0492,14584.9,0
2026-05-23,Pune,1482,313.68,464986.99,127,25.1,0.0297,0.046,9705.13,0
2026-05-23,Hyderabad,1884,299.32,563938.87,160,23.6,0.0309,0.0498,11539.4,0
2026-05-23,Bhopal,821,285.92,234758.97,69,24.3,0.0286,0.0504,4307.93,0
2026-05-24,Bangalore,2389,332.02,793251.84,209,25.3,0.0281,0.0835,13157.01,1
2026-05-24,Mumbai,3000,372.42,1117398.15,228,26.0,0.0337,0.0498,19830.14,0
2026-05-24,Delhi,2936,315.44,926206.02,211,24.0,0.0375,0.0527,15642.67,0
2026-05-24,Pune,1541,316.53,487667.28,134,26.1,0.0284,0.0467,10399.84,0
2026-05-24,Hyderabad,1847,322.72,596013.02,162,24.1,0.0327,0.0486,10743.82,0
2026-05-24,Bhopal,901,261.87,235977.64,69,26.7,0.0262,0.0493,5182.61,0
2026-05-25,Bangalore,2370,319.48,757306.32,221,28.3,0.032,0.0841,13236.81,1
2026-05-25,Mumbai,2484,340.75,846293.26,250,24.8,0.037,0.0511,15067.92,0
2026-05-25,Delhi,2289,315.74,722741.89,208,24.7,0.0307,0.0448,14587.46,0
2026-05-25,Pune,1407,298.05,419217.79,127,25.8,0.0303,0.0393,8500.8,0
2026-05-25,Hyderabad,1619,301.1,487367.06,147,21.2,0.031,0.0467,8987.23,0
2026-05-25,Bhopal,737,284.31,209595.81,68,22.2,0.0324,0.0502,3956.83,0
2026-05-26,Bangalore,2359,328.13,774171.72,219,26.1,0.0254,0.0838,15424.3,1
2026-05-26,Mumbai,2555,358.35,915684.1,241,24.5,0.0266,0.0527,14337.48,0
2026-05-26,Delhi,2435,339.18,825810.68,205,24.8,0.0313,0.0423,16883.35,0
2026-05-26,Pune,1402,290.37,407230.55,126,22.6,0.0349,0.0452,9084.85,0
2026-05-26,Hyderabad,1561,309.43,483101.23,150,25.5,0.0331,0.0439,9417.24,0
2026-05-26,Bhopal,687,244.63,168059.75,71,21.8,0.0385,0.0411,3822.84,0
2026-05-27,Bangalore,2387,346.1,826302.97,219,24.2,0.0259,0.0802,15100.05,1
2026-05-27,Mumbai,2713,341.98,927901.12,229,22.5,0.0371,0.0507,16070.87,0
2026-05-27,Delhi,2281,325.61,742842.42,204,23.0,0.0408,0.0384,14073.21,0
2026-05-27,Pune,1382,298.12,411867.25,125,26.2,0.0372,0.0498,8078.41,0
2026-05-27,Hyderabad,1462,334.22,488512.21,150,25.0,0.0266,0.0508,8753.15,0
2026-05-27,Bhopal,745,271.26,202023.3,68,26.4,0.027,0.0314,4412.85,0
2026-05-28,Bangalore,2139,333.52,713452.97,218,22.6,0.0284,0.0825,15923.33,1
2026-05-28,Mumbai,2843,343.27,975827.02,251,24.3,0.0282,0.0447,16118.86,0
2026-05-28,Delhi,2413,321.61,776094.18,207,21.8,0.0322,0.0368,14493.61,0
2026-05-28,Pune,1316,296.81,390675.55,135,23.9,0.0354,0.0446,9134.58,0
2026-05-28,Hyderabad,1642,305.94,502241.73,144,26.1,0.0318,0.0418,10088.99,0
2026-05-28,Bhopal,687,258.09,177376.08,65,26.4,0.029,0.0418,4141.7,0
2026-05-29,Bangalore,2217,344.9,764618.25,219,27.3,0.0258,0.0926,13157.26,1
2026-05-29,Mumbai,2665,367.74,979917.99,245,26.5,0.0224,0.0422,15511.52,0
2026-05-29,Delhi,2603,323.86,843133.36,208,27.5,0.0268,0.0383,14313.98,0
2026-05-29,Pune,1377,317.0,436443.08,133,24.8,0.0293,0.042,8356.97,0
2026-05-29,Hyderabad,1606,322.01,517109.62,154,23.1,0.0322,0.0487,9561.36,0
2026-05-29,Bhopal,662,255.81,169377.47,70,23.5,0.0341,0.039,3991.58,0
2026-05-30,Bangalore,2665,342.53,912708.99,226,22.5,0.0346,0.0849,15210.32,1
2026-05-30,Mumbai,3094,380.86,1178570.28,238,27.7,0.0289,0.0475,19241.8,0
2026-05-30,Delhi,2488,328.69,817611.13,204,23.1,0.0332,0.0421,14649.39,0
2026-05-30,Pune,1494,311.51,465389.96,134,26.4,0.0212,0.0409,9604.17,0
2026-05-30,Hyderabad,1834,310.36,569102.2,149,20.9,0.0355,0.048,12011.97,0
2026-05-30,Bhopal,834,284.18,236955.96,69,23.7,0.0343,0.0512,4999.79,0
2026-05-31,Bangalore,2598,357.76,929543.83,217,22.7,0.0236,0.0911,18122.6,1
2026-05-31,Mumbai,3007,378.98,1139452.64,230,23.3,0.028,0.0444,18166.1,0
2026-05-31,Delhi,2736,314.31,860059.74,211,21.7,0.0397,0.0444,16221.68,0
2026-05-31,Pune,1597,300.38,479621.83,130,27.2,0.0281,0.0392,9004.68,0
2026-05-31,Hyderabad,2096,297.13,622709.88,144,18.8,0.0333,0.0438,14823.1,0
2026-05-31,Bhopal,743,239.39,177821.0,67,26.8,0.034,0.0424,4710.65,0
2026-06-01,Bangalore,2464,364.31,897712.04,218,21.9,0.0196,0.0859,15068.66,1
2026-06-01,Mumbai,2576,376.11,968706.11,249,26.7,0.0292,0.0468,15536.54,0
2026-06-01,Delhi,2404,320.92,771584.34,223,22.7,0.0314,0.0444,14953.79,0
2026-06-01,Pune,1489,299.71,446191.29,124,25.9,0.0338,0.0353,8929.71,0
2026-06-01,Hyderabad,1473,301.76,444426.24,146,24.3,0.0336,0.0386,9484.81,0
2026-06-01,Bhopal,650,263.43,171183.31,68,25.3,0.0284,0.0476,4333.29,0
2026-06-02,Bangalore,2295,344.17,789701.25,217,25.1,0.0308,0.0875,12185.18,1
2026-06-02,Mumbai,2643,365.25,965388.23,235,27.7,0.0242,0.0475,15555.81,0
2026-06-02,Delhi,2169,309.48,671338.44,218,22.6,0.0408,0.0475,12132.13,0
2026-06-02,Pune,1505,316.23,475950.24,128,17.5,0.0272,0.0376,8022.36,0
2026-06-02,Hyderabad,1611,305.95,492836.49,144,25.3,0.0287,0.0476,8134.88,0
2026-06-02,Bhopal,696,245.61,170826.67,72,21.8,0.0335,0.0412,4012.66,0
2026-06-03,Bangalore,2044,344.57,704464.15,218,21.3,0.0344,0.0849,11173.79,1
2026-06-03,Mumbai,2469,342.98,846967.96,247,24.3,0.0269,0.0431,13249.22,0
2026-06-03,Delhi,2281,327.67,747295.73,202,21.9,0.0449,0.0426,14289.02,0
2026-06-03,Pune,1354,300.45,406678.16,129,18.0,0.0306,0.0359,8538.23,0
2026-06-03,Hyderabad,1683,298.71,502721.26,149,25.7,0.0313,0.0349,9352.26,0
2026-06-03,Bhopal,688,267.31,184007.27,75,20.5,0.029,0.047,4584.82,0
2026-06-04,Bangalore,2316,327.67,759027.98,226,21.4,0.033,0.0899,15680.95,1
2026-06-04,Mumbai,2754,359.04,988677.59,237,21.0,0.0355,0.0472,14635.59,0
2026-06-04,Delhi,2423,316.7,767204.31,218,20.9,0.0429,0.0521,16414.07,0
2026-06-04,Pune,1462,290.86,425168.91,129,22.2,0.0307,0.0535,8876.05,0
2026-06-04,Hyderabad,1384,314.21,434779.73,148,23.1,0.0297,0.049,9077.07,0
2026-06-04,Bhopal,710,256.47,182070.64,70,22.0,0.0301,0.0479,4422.73,0
2026-06-05,Bangalore,2481,357.07,886061.35,215,21.6,0.0337,0.0915,14841.43,1
2026-06-05,Mumbai,2467,364.03,898060.21,221,23.6,0.0221,0.0454,14346.31,0
2026-06-05,Delhi,2118,309.53,655699.55,212,24.0,0.0435,0.0508,13131.1,0
2026-06-05,Pune,1348,296.63,399767.11,125,26.8,0.0295,0.0484,9030.8,0
2026-06-05,Hyderabad,1576,326.69,514790.61,149,23.9,0.0366,0.0485,10616.83,0
2026-06-05,Bhopal,693,262.27,181814.3,73,20.7,0.0294,0.0557,3996.55,0
2026-06-06,Bangalore,2671,355.72,950001.73,216,24.6,0.0255,0.079,16290.99,1
2026-06-06,Mumbai,3027,356.11,1077822.53,229,24.3,0.0372,0.0522,17766.28,0
2026-06-06,Delhi,2529,323.45,817870.29,209,27.7,0.0329,0.0419,12845.04,0
2026-06-06,Pune,1717,293.95,504685.15,128,28.4,0.0221,0.0386,10351.68,0
2026-06-06,Hyderabad,1924,315.23,606488.88,150,22.0,0.0223,0.0459,10786.52,0
2026-06-06,Bhopal,813,267.09,217193.75,72,29.5,0.0245,0.0488,4878.41,0
2026-06-07,Bangalore,2794,372.17,1039820.05,211,18.1,0.029,0.089,17993.85,1
2026-06-07,Mumbai,2984,350.57,1046165.88,225,27.6,0.0317,0.042,18561.47,0
2026-06-07,Delhi,2438,325.85,794301.84,208,22.1,0.0354,0.043,15091.79,0
2026-06-07,Pune,1504,295.23,444142.35,130,28.5,0.0251,0.0407,8522.68,0
2026-06-07,Hyderabad,1750,332.3,581525.58,152,26.8,0.0258,0.046,10725.07,0
2026-06-07,Bhopal,791,252.21,199529.0,71,28.5,0.0275,0.0387,5354.46,0
2026-06-08,Bangalore,2291,344.07,788319.37,225,26.2,0.0272,0.0745,13460.67,1
2026-06-08,Mumbai,2480,341.95,847990.97,238,25.8,0.0317,0.0462,14053.81,0
2026-06-08,Delhi,2342,321.59,753306.29,216,24.1,0.0447,0.0405,13289.87,0
2026-06-08,Pune,1362,296.22,403303.55,131,23.9,0.0332,0.0451,8266.65,0
2026-06-08,Hyderabad,1559,298.53,465319.36,142,25.2,0.0269,0.0415,9167.03,0
2026-06-08,Bhopal,716,265.42,190123.55,68,26.8,0.0345,0.0394,4002.88,0
2026-06-09,Bangalore,2441,338.0,825137.03,205,23.4,0.0237,0.0822,14731.93,1
2026-06-09,Mumbai,2604,381.06,992351.63,238,27.6,0.0348,0.0522,15996.05,0
2026-06-09,Delhi,2074,325.9,675985.88,217,28.4,0.0395,0.0493,13034.69,0
2026-06-09,Pune,1476,304.0,448718.83,120,27.0,0.0278,0.041,8691.35,0
2026-06-09,Hyderabad,1516,332.12,503632.09,158,24.4,0.026,0.0416,9564.73,0
2026-06-09,Bhopal,718,268.44,192697.92,71,21.4,0.0432,0.0364,4165.95,0
2026-06-10,Bangalore,2123,319.7,678846.01,213,21.6,0.0259,0.0906,12711.24,1
2026-06-10,Mumbai,2577,372.88,960778.28,234,24.9,0.0288,0.0353,12387.43,0
2026-06-10,Delhi,2340,326.3,763472.69,223,26.0,0.0409,0.044,14386.55,0
2026-06-10,Pune,1517,274.51,416354.67,132,24.7,0.0396,0.0533,8623.08,0
2026-06-10,Hyderabad,1597,310.42,495869.29,140,21.3,0.0247,0.0491,10281.22,0
2026-06-10,Bhopal,711,268.57,191045.4,70,24.0,0.0354,0.0453,4173.58,0
2026-06-11,Bangalore,2383,334.27,796518.87,226,21.3,0.0249,0.0914,14782.92,1
2026-06-11,Mumbai,2541,372.82,947325.37,236,27.5,0.0291,0.0527,17243.69,0
2026-06-11,Delhi,2268,335.75,761338.57,204,18.1,0.0346,0.0534,12625.77,0
2026-06-11,Pune,1391,289.08,402146.12,133,20.7,0.0283,0.0472,7349.59,0
2026-06-11,Hyderabad,1533,283.87,435181.86,144,19.1,0.0308,0.0376,9196.23,0
2026-06-11,Bhopal,681,280.72,191161.03,74,25.4,0.0261,0.0487,3882.41,0
2026-06-12,Bangalore,2132,339.83,724426.08,219,25.1,0.028,0.0842,12044.18,1
2026-06-12,Mumbai,2614,365.56,955634.62,232,19.6,0.0342,0.0421,15347.84,0
2026-06-12,Delhi,2227,312.77,696480.78,222,30.1,0.0349,0.0472,13463.5,0
2026-06-12,Pune,1433,330.36,473515.91,126,22.1,0.025,0.0452,7363.22,0
2026-06-12,Hyderabad,1602,331.0,530191.52,151,22.5,0.0287,0.0495,8949.32,0
2026-06-12,Bhopal,765,280.11,214176.45,71,26.6,0.0299,0.0505,4279.6,0
2026-06-13,Bangalore,2580,322.02,830750.59,223,20.6,0.033,0.0857,14313.75,1
2026-06-13,Mumbai,2856,367.93,1050685.0,235,19.9,0.0286,0.0459,17070.56,0
2026-06-13,Delhi,2549,317.58,809384.42,211,20.3,0.0351,0.054,14484.59,0
2026-06-13,Pune,1602,312.13,500098.18,144,25.1,0.0244,0.0415,9181.64,0
2026-06-13,Hyderabad,1774,296.04,525101.47,150,26.4,0.0234,0.0453,11017.09,0
2026-06-13,Bhopal,786,256.18,201418.76,71,23.1,0.0248,0.0407,4367.32,0
2026-06-14,Bangalore,2370,358.21,849000.92,215,26.7,0.0352,0.0816,13469.5,1
2026-06-14,Mumbai,3373,385.21,1299245.68,240,22.4,0.0312,0.0472,19027.32,0
2026-06-14,Delhi,2376,303.08,720194.83,210,23.8,0.0332,0.0396,13327.8,0
2026-06-14,Pune,1679,302.97,508589.23,130,25.2,0.034,0.0522,9686.1,0
2026-06-14,Hyderabad,1800,293.87,529098.41,148,27.2,0.0343,0.0498,9187.64,0
2026-06-14,Bhopal,849,240.88,204409.44,72,25.8,0.0283,0.0383,5588.5,0
2026-06-15,Bangalore,2135,330.91,706568.48,213,24.2,0.0221,0.097,16311.09,1
2026-06-15,Mumbai,2613,376.08,982558.53,242,23.1,0.0322,0.046,16377.9,0
2026-06-15,Delhi,2233,319.01,712497.24,210,21.3,0.045,0.0447,15536.07,0
2026-06-15,Pune,1481,316.19,468430.71,130,26.5,0.0314,0.0528,7443.27,0
2026-06-15,Hyderabad,1495,326.24,487647.71,149,20.9,0.027,0.0422,7920.48,0
2026-06-15,Bhopal,773,259.77,200848.55,70,26.4,0.0326,0.0497,5054.19,0
2026-06-16,Bangalore,2231,335.95,749611.96,225,24.0,0.0276,0.09,14858.29,1
2026-06-16,Mumbai,2369,370.29,877186.06,238,25.9,0.0332,0.053,15816.51,0
2026-06-16,Delhi,2455,338.48,830917.07,212,26.2,0.0402,0.0487,14349.78,0
2026-06-16,Pune,1428,299.58,427899.74,127,24.1,0.0358,0.0552,7409.15,0
2026-06-16,Hyderabad,1555,310.4,482821.41,155,24.8,0.0318,0.0394,8432.96,0
2026-06-16,Bhopal,711,245.81,174843.97,69,21.5,0.0323,0.053,4703.01,0
2026-06-17,Bangalore,2123,327.32,694890.8,205,25.9,0.0265,0.0859,13778.09,1
2026-06-17,Mumbai,2402,371.49,892356.87,236,23.8,0.0301,0.0386,13027.67,0
2026-06-17,Delhi,2411,325.11,783929.57,217,24.4,0.0419,0.0364,14141.81,0
2026-06-17,Pune,1398,323.44,452192.2,133,25.5,0.0369,0.0414,8470.37,0
2026-06-17,Hyderabad,1619,298.35,483005.42,148,28.0,0.0291,0.0346,10689.44,0
2026-06-17,Bhopal,667,245.73,163954.3,72,27.1,0.0333,0.049,4690.45,0
2026-06-18,Bangalore,2368,337.87,800204.0,222,22.1,0.0356,0.0847,14421.17,1
2026-06-18,Mumbai,2326,361.99,842131.18,226,26.2,0.0302,0.0426,15909.25,0
2026-06-18,Delhi,2132,335.25,714763.24,214,30.8,0.0297,0.0447,11856.84,0
2026-06-18,Pune,1302,297.36,387014.92,130,23.3,0.0305,0.0482,7556.77,0
2026-06-18,Hyderabad,1445,308.15,445336.25,139,21.6,0.0316,0.0458,9620.77,0
2026-06-18,Bhopal,667,271.04,180725.83,69,23.1,0.0379,0.0408,4229.89,0
2026-06-19,Bangalore,2254,328.56,740499.18,217,27.4,0.0298,0.0783,14113.32,1
2026-06-19,Mumbai,2681,362.79,972714.5,249,23.5,0.0297,0.048,16220.57,0
2026-06-19,Delhi,2255,326.61,736531.62,206,22.7,0.0363,0.0518,9898.76,0
2026-06-19,Pune,1428,300.41,428894.73,123,25.2,0.0314,0.0479,6673.15,0
2026-06-19,Hyderabad,1709,300.85,514249.79,153,21.8,0.0333,0.0483,9926.4,0
2026-06-19,Bhopal,628,272.14,170771.17,68,23.0,0.0262,0.0464,3747.04,0
2026-06-20,Bangalore,2722,321.78,875960.08,215,28.7,0.0295,0.0874,18552.45,1
2026-06-20,Mumbai,2996,353.04,1057610.49,238,25.5,0.0292,0.0519,18513.34,0
2026-06-20,Delhi,2802,307.65,862034.48,207,24.8,0.0357,0.0432,17834.35,0
2026-06-20,Pune,1535,300.52,461308.97,133,29.3,0.0207,0.0436,7656.05,0
2026-06-20,Hyderabad,1855,310.41,575677.92,150,25.9,0.0345,0.0465,11544.68,0
2026-06-20,Bhopal,801,278.47,222994.74,67,24.2,0.0306,0.0491,4466.92,0
2026-06-21,Bangalore,2419,342.13,827481.78,222,20.8,0.0367,0.0938,18098.44,1
2026-06-21,Mumbai,2934,341.41,1001535.75,237,25.4,0.0301,0.042,19882.25,0
2026-06-21,Delhi,2498,297.74,743631.79,217,23.5,0.0264,0.0606,14970.58,0
2026-06-21,Pune,1520,299.31,454886.68,130,25.7,0.0307,0.0398,10401.02,0
2026-06-21,Hyderabad,1863,319.01,594176.42,147,23.4,0.0358,0.0464,10306.32,0
2026-06-21,Bhopal,765,267.16,204341.57,69,22.4,0.0262,0.0485,4348.67,0
2026-06-22,Bangalore,2290,340.2,779219.81,207,24.8,0.0234,0.0843,15575.9,1
2026-06-22,Mumbai,2726,370.36,1009473.84,253,25.6,0.0296,0.0421,19696.3,0
2026-06-22,Delhi,2528,320.15,809382.17,212,23.6,0.0482,0.0417,16273.48,0
2026-06-22,Pune,1405,302.2,424733.59,127,24.6,0.0223,0.0495,8274.26,0
2026-06-22,Hyderabad,1715,301.27,516654.72,145,23.8,0.0297,0.0488,9624.99,0
2026-06-22,Bhopal,748,280.46,209748.31,70,21.4,0.0356,0.0504,4878.92,0
2026-06-23,Bangalore,2403,339.79,816670.4,201,22.4,0.0271,0.0831,15174.7,1
2026-06-23,Mumbai,2546,348.13,886165.78,232,26.8,0.0268,0.0417,14617.81,0
2026-06-23,Delhi,2247,324.34,728945.61,213,26.6,0.0217,0.0522,12304.74,0
2026-06-23,Pune,1332,294.6,392385.22,127,19.1,0.031,0.0394,9016.69,0
2026-06-23,Hyderabad,1526,325.42,496504.82,152,25.6,0.0219,0.0444,8806.99,0
2026-06-23,Bhopal,709,264.94,187726.76,71,25.0,0.0353,0.0381,4083.63,0
2026-06-24,Bangalore,2643,349.85,924675.39,236,24.6,0.0363,0.0895,16468.64,1
2026-06-24,Mumbai,2374,360.26,855287.72,249,25.0,0.0273,0.0493,13164.68,0
2026-06-24,Delhi,2248,306.97,690100.96,205,21.7,0.0323,0.0521,12459.56,0
2026-06-24,Pune,1409,293.97,414154.03,135,26.2,0.0359,0.0465,8290.35,0
2026-06-24,Hyderabad,1505,334.1,502703.21,147,26.6,0.033,0.0422,9808.82,0
2026-06-24,Bhopal,727,277.97,202014.59,69,22.7,0.0242,0.046,4381.64,0
2026-06-25,Bangalore,2259,314.03,709303.11,223,25.2,0.0389,0.091,14790.15,1
2026-06-25,Mumbai,2652,373.42,990155.84,243,22.0,0.0286,0.0438,16326.17,0
2026-06-25,Delhi,2264,324.02,733476.02,213,27.2,0.045,0.0454,12101.73,0
2026-06-25,Pune,1376,300.53,413480.29,123,24.4,0.0362,0.0469,9194.43,0
2026-06-25,Hyderabad,1550,317.12,491402.62,150,22.1,0.0292,0.0533,9006.6,0
2026-06-25,Bhopal,724,240.5,174237.68,72,24.2,0.0347,0.0439,4491.78,0
2026-06-26,Bangalore,2568,316.02,811434.61,225,24.0,0.0259,0.0868,15475.13,1
2026-06-26,Mumbai,2599,343.67,893069.08,247,25.3,0.0219,0.0434,14070.43,0
2026-06-26,Delhi,2323,300.07,697147.24,210,25.2,0.0315,0.0404,13415.75,0
2026-06-26,Pune,1421,290.73,413003.48,130,25.6,0.0232,0.0538,10506.73,0
2026-06-26,Hyderabad,1607,319.77,513970.22,142,25.9,0.0368,0.0426,10638.02,0
2026-06-26,Bhopal,691,255.24,176392.27,71,26.6,0.0252,0.0397,3783.72,0
2026-06-27,Bangalore,2529,350.33,886012.08,216,22.5,0.0239,0.0878,14251.16,1
2026-06-27,Mumbai,2818,390.4,1100085.88,234,23.1,0.0285,0.0429,17782.36,0
2026-06-27,Delhi,2770,316.08,875675.95,202,23.8,0.0476,0.0537,13511.77,0
2026-06-27,Pune,1626,323.02,525148.62,129,24.7,0.029,0.0422,9500.71,0
2026-06-27,Hyderabad,1809,302.22,546692.08,156,24.6,0.0321,0.049,10614.43,0
2026-06-27,Bhopal,774,253.73,196348.09,70,22.7,0.0252,0.0424,5465.06,0
2026-06-28,Bangalore,2282,337.56,770347.66,231,25.9,0.0305,0.0885,13470.08,1
2026-06-28,Mumbai,2655,362.96,963594.57,234,22.8,0.0264,0.0537,19121.22,0
2026-06-28,Delhi,2674,314.05,839686.19,203,28.5,0.0428,0.0438,12861.96,0
2026-06-28,Pune,1664,311.82,518857.44,124,25.1,0.0308,0.0446,9325.74,0
2026-06-28,Hyderabad,1933,305.0,589703.51,143,27.2,0.0208,0.0481,11685.84,0
2026-06-28,Bhopal,787,254.5,200361.25,68,18.7,0.0281,0.0413,4601.28,0
2026-06-29,Bangalore,2374,339.46,805958.56,225,26.6,0.0361,0.0904,14853.78,1
2026-06-29,Mumbai,2472,370.66,916444.06,252,28.8,0.0315,0.0374,13408.15,0
2026-06-29,Delhi,2398,323.38,775584.82,218,21.8,0.0399,0.0439,12552.13,0
2026-06-29,Pune,1321,311.67,411714.76,133,19.7,0.0316,0.0432,7116.88,0
2026-06-29,Hyderabad,1694,302.76,512915.7,145,22.4,0.0301,0.0524,9542.31,0
2026-06-29,Bhopal,651,237.61,154690.33,70,20.4,0.0275,0.0509,4123.36,0
